id,model_id,mark_id,name,year_from,year_to,updated_at
10382709,ACURA_MDX,ACURA,III,2013,2015,2025-07-26 16:51:00
10382710,BMW_X5,BMW,III (F15),2013,2018,2025-07-26 16:51:00
10393784,BMW_5ER,BMW,I (E12) Рестайлинг,1976,1981,2025-07-26 16:51:00
10397204,AUDI_V8,AUDI,,1988,1994,2025-07-26 16:51:00
10398058,BMW_4,BMW,F32/F33/F36,2013,2017,2025-07-26 16:51:00
10399721,ALFA_ROMEO_155,ALFA_ROMEO,I,1992,1995,2025-07-26 16:51:00
10399745,ALFA_ROMEO_155,ALFA_ROMEO,I Рестайлинг,1995,1997,2025-07-26 16:51:00
10399867,ALFA_ROMEO_33,ALFA_ROMEO,I,1983,1986,2025-07-26 16:51:00
10400017,ALFA_ROMEO_33,ALFA_ROMEO,I Рестайлинг,1986,1989,2025-07-26 16:51:00
10400077,ALFA_ROMEO_33,ALFA_ROMEO,II,1990,1994,2025-07-26 16:51:00
10400178,ALFA_ROMEO_75,ALFA_ROMEO,I,1985,1992,2025-07-26 16:51:00
10400192,ALFA_ROMEO_75,ALFA_ROMEO,I Рестайлинг,1988,1992,2025-07-26 16:51:00
10400209,ALFA_ROMEO_90,ALFA_ROMEO,,1984,1987,2025-07-26 16:51:00
10436648,BMW_5ER,BMW,VI (F10/F11/F07) Рестайлинг,2013,2017,2025-07-26 16:51:00
20037131,AUDI_SQ5,AUDI,I (8R),2013,2017,2025-07-26 16:51:00
20040521,BMW_M3,BMW,I (E30),1986,1991,2025-07-26 16:51:00
20045121,AUDI_RS7,AUDI,I (4G),2013,2014,2025-07-26 16:51:00
20045536,AUDI_RSQ3,AUDI,I (8U),2013,2015,2025-07-26 16:51:00
20047926,BMW_M5,BMW,I (E28),1985,1988,2025-07-26 16:51:00
20047934,BMW_M5,BMW,II (E34),1988,1995,2025-07-26 16:51:00
20067958,BMW_2ER,BMW,F22,2014,2017,2025-07-26 16:51:00
20071435,AUDI_A8,AUDI,III (D4) Рестайлинг,2013,2017,2025-07-26 16:51:00
20072341,AUDI_S8,AUDI,III (D4) Рестайлинг,2013,2017,2025-07-26 16:51:00
20079928,ACURA_RDX,ACURA,II,2013,2015,2025-07-26 16:51:00
20080520,ALFA_ROMEO_4C,ALFA_ROMEO,,2013,2020,2025-07-26 16:51:00
20102727,BMW_X4,BMW,I (F26),2014,2018,2025-07-26 16:51:00
20106321,BMW_M4,BMW,F82/F83,2014,2017,2025-07-26 16:51:00
20106348,BMW_M3,BMW,V (F80),2014,2018,2025-07-26 16:51:00
20152725,AUDI_S1,AUDI,I (8X),2014,2018,2025-07-26 16:51:00
20156797,BMW_X3,BMW,II (F25) Рестайлинг,2014,2017,2025-07-26 16:51:00
20157564,BMW_2ACTIVETOURER,BMW,F45,2014,2018,2025-07-26 16:51:00
20158768,BMW_X6,BMW,II (F16),2014,2019,2025-07-26 16:51:00
20169980,BMW_M6,BMW,I (E24),1984,1989,2025-07-26 16:51:00
20170381,BMW_Z1,BMW,,1988,1991,2025-07-26 16:51:00
20172473,BMW_02,BMW,I,1966,1977,2025-07-26 16:51:00
20173111,BMW_I8,BMW,I,2014,2017,2025-07-26 16:51:00
20176738,ALFA_ROMEO_MITO,ALFA_ROMEO,I Рестайлинг,2013,2016,2025-07-26 16:51:00
20176878,AUDI_TT,AUDI,III (8S),2014,2019,2025-07-26 16:51:00
20183736,AUDI_A7,AUDI,I (4G) Рестайлинг,2014,2018,2025-07-26 16:51:00
20183776,AUDI_S7,AUDI,I (4G) Рестайлинг,2014,2018,2025-07-26 16:51:00
20183788,AUDI_RS7,AUDI,I (4G) Рестайлинг,2014,2018,2025-07-26 16:51:00
20193056,ACURA_TLX,ACURA,I,2014,2017,2025-07-26 16:51:00
20231222,AUDI_TTS,AUDI,III (8S),2014,2018,2025-07-26 16:51:00
20241875,AUDI_S2,AUDI,I,1990,1995,2025-07-26 16:51:00
20246005,AUDI_A6,AUDI,IV (C7) Рестайлинг,2014,2018,2025-07-26 16:51:00
20246280,AUDI_ALLROAD,AUDI,III (C7) Рестайлинг,2014,2019,2025-07-26 16:51:00
20246386,AUDI_S6,AUDI,IV (C7) Рестайлинг,2014,2018,2025-07-26 16:51:00
20246447,AUDI_RS6,AUDI,III (C7) Рестайлинг,2014,2018,2025-07-26 16:51:00
20264265,AUDI_TT,AUDI,I (8N) Рестайлинг,2003,2006,2025-07-26 16:51:00
20289026,BMW_X5_M,BMW,II (F85),2014,2018,2025-07-26 16:51:00
20289343,BMW_X6_M,BMW,II (F86),2014,2019,2025-07-26 16:51:00
20291060,ACURA_RL,ACURA,I,1995,1998,2025-07-26 16:51:00
20291227,ACURA_TL,ACURA,II Рестайлинг,2001,2003,2025-07-26 16:51:00
20291239,ACURA_CL,ACURA,II,2000,2003,2025-07-26 16:51:00
20291710,ACURA_ILX,ACURA,I,2012,2015,2025-07-26 16:51:00
20291801,ACURA_RLX,ACURA,I,2013,2017,2025-07-26 16:51:00
20291947,ALPINA_B3,ALPINA,F30,2013,2017,2025-07-26 16:51:00
20292223,ALPINA_B4,ALPINA,F32/F33,2013,2017,2025-07-26 16:51:00
20292350,ALPINA_B5,ALPINA,F10/F11 Рестайлинг,2013,2017,2025-07-26 16:51:00
20292420,ALPINA_XD3,ALPINA,F25,2012,2014,2025-07-26 16:51:00
20292500,ALPINA_XD3,ALPINA,F25 Рестайлинг,2014,2017,2025-07-26 16:51:00
20293212,AUDI_QUATTRO,AUDI,I,1980,1985,2025-07-26 16:51:00
20293215,AUDI_QUATTRO,AUDI,I Рестайлинг,1985,1991,2025-07-26 16:51:00
20293695,ALPINA_B7,ALPINA,F01/F02 Рестайлинг,2013,2016,2025-07-26 16:51:00
20293979,AUDI_Q3,AUDI,I (8U) Рестайлинг,2014,2018,2025-07-26 16:51:00
20294327,AUDI_RSQ3,AUDI,I (8U) Рестайлинг,2015,2018,2025-07-26 16:51:00
20296688,ALPINA_D3,ALPINA,F30,2013,2017,2025-07-26 16:51:00
20296726,ALPINA_D5,ALPINA,F10/F11,2011,2013,2025-07-26 16:51:00
20296746,ALPINA_D5,ALPINA,F10/F11 Рестайлинг,2013,2017,2025-07-26 16:51:00
20297824,AUDI_NSU_RO_80,AUDI,,1967,1977,2025-07-26 16:51:00
20297846,AUDI_COUPE,AUDI,I (B2),1980,1984,2025-07-26 16:51:00
20297866,AUDI_COUPE,AUDI,I (B2) Рестайлинг,1984,1988,2025-07-26 16:51:00
20297889,AUDI_COUPE,AUDI,II (B3),1988,1991,2025-07-26 16:51:00
20297910,AUDI_COUPE,AUDI,II (B3) Рестайлинг,1991,1996,2025-07-26 16:51:00
20331105,AUDI_A1,AUDI,I (8X) Рестайлинг,2014,2018,2025-07-26 16:51:00
20331849,AC_COBRA,AC,Mk IV,1990,2001,2025-07-26 16:51:00
20331861,AC_COBRA,AC,Mk V,1999,2007,2025-07-26 16:51:00
20331876,AC_COBRA,AC,Mk VI,2013,2015,2025-07-26 16:51:00
20331888,ACURA_LEGEND,ACURA,I,1986,1990,2025-07-26 16:51:00
20331916,ACURA_LEGEND,ACURA,II,1990,1996,2025-07-26 16:51:00
20331970,ALFA_ROMEO_GIULIETTA,ALFA_ROMEO,II,1977,1985,2025-07-26 16:51:00
20331990,ASTON_MARTIN_VIRAGE,ASTON_MARTIN,I,1988,2000,2025-07-26 16:51:00
20332003,AUSTIN_MAXI,AUSTIN,I,1969,1980,2025-07-26 16:51:00
20332023,AUSTIN_MAXI,AUSTIN,II,1980,1982,2025-07-26 16:51:00
20332064,AUSTIN_PRINCESS,AUSTIN,I,1975,1978,2025-07-26 16:51:00
20332084,AUSTIN_PRINCESS,AUSTIN,II,1972,1982,2025-07-26 16:51:00
20332104,BENTLEY_MULSANNE,BENTLEY,I,1980,1993,2025-07-26 16:51:00
20332125,BERTONE_FREECLIMBER,BERTONE,I,1989,1992,2025-07-26 16:51:00
20332145,BERTONE_FREECLIMBER,BERTONE,II,1992,1995,2025-07-26 16:51:00
20342099,ALFA_ROMEO_ALFASUD,ALFA_ROMEO,,1971,1983,2025-07-26 16:51:00
20342110,ALFA_ROMEO_ALFETTA,ALFA_ROMEO,,1972,1987,2025-07-26 16:51:00
20342121,ALFA_ROMEO_ARNA,ALFA_ROMEO,,1983,1987,2025-07-26 16:51:00
20342132,ALFA_ROMEO_GTA,ALFA_ROMEO,,1965,1975,2025-07-26 16:51:00
20342143,ALFA_ROMEO_GIULIA,ALFA_ROMEO,I (105),1962,1978,2025-07-26 16:51:00
20342154,ALFA_ROMEO_MONTREAL,ALFA_ROMEO,,1970,1979,2025-07-26 16:51:00
20342165,ALFA_ROMEO_RZ,ALFA_ROMEO,,1992,1994,2025-07-26 16:51:00
20342177,ALFA_ROMEO_SZ,ALFA_ROMEO,,1989,1991,2025-07-26 16:51:00
20342188,ALFA_ROMEO_SPRINT,ALFA_ROMEO,,1983,1989,2025-07-26 16:51:00
20342199,AUDI_50,AUDI,,1974,1978,2025-07-26 16:51:00
20342210,AUDI_60,AUDI,,1969,1973,2026-04-08 07:37:02
20342220,BMW_I3,BMW,I (I01),2013,2017,2025-07-26 16:51:00
20344350,AC_ACECA,AC,,1998,2000,2025-07-26 16:51:00
20344361,AC_ACE,AC,,1992,2000,2025-07-26 16:51:00
20344372,ALPINE_A110,ALPINE,I,1961,1977,2025-07-26 16:51:00
20344383,ALPINE_A310,ALPINE,,1971,1985,2025-07-26 16:51:00
20344394,ALPINE_A610,ALPINE,,1991,1995,2025-07-26 16:51:00
20344405,ALPINE_GTA,ALPINE,,1985,1990,2025-07-26 16:51:00
20344415,ARIEL_ATOM,ARIEL,,2000,2026,2025-07-26 16:51:00
20344427,ARO_10,ARO,,1984,2006,2025-07-26 16:51:00
20344438,ARO_24,ARO,,1972,2006,2025-07-26 16:51:00
20344449,ASTON_MARTIN_BULLDOG,ASTON_MARTIN,,1980,1982,2025-07-26 16:51:00
20344460,ASTON_MARTIN_LAGONDA,ASTON_MARTIN,,1976,1997,2025-07-26 16:51:00
20344471,ASTON_MARTIN_TICKFORD_CAPRI,ASTON_MARTIN,,1982,1985,2025-07-26 16:51:00
20344483,ASTON_MARTIN_V8_ZAGATO,ASTON_MARTIN,,1986,1989,2025-07-26 16:51:00
20344494,AUSTIN_ALLEGRO,AUSTIN,,1973,1983,2025-07-26 16:51:00
20344505,AUSTIN_AMBASSADOR,AUSTIN,,1982,1984,2025-07-26 16:51:00
20344516,AUSTIN_MAESTRO,AUSTIN,,1983,1997,2025-07-26 16:51:00
20344527,AUSTIN_METRO,AUSTIN,,1980,1990,2025-07-26 16:51:00
20344538,AUSTIN_MONTEGO,AUSTIN,,1984,1994,2025-07-26 16:51:00
20344549,AUTOBIANCHI_A_112,AUTOBIANCHI,,1969,1986,2025-07-26 16:51:00
20344587,BALTIJAS_DZIPS_BD_1322,BALTIJAS_DZIPS,,1998,2001,2025-07-26 16:51:00
20344598,BAIC_BJ_2020,BAIC,,1989,2005,2025-07-26 16:51:00
20344608,BAIC_BJ_212,BAIC,I,1964,1987,2025-07-26 16:51:00
20344619,BENTLEY_CONTINENTAL_FLYING_SPUR,BENTLEY,,2005,2012,2025-07-26 16:51:00
20344630,BENTLEY_EIGHT,BENTLEY,,1984,1992,2025-07-26 16:51:00
20344641,BITTER_TYPE_3,BITTER,,1987,1988,2025-07-26 16:51:00
20349892,AVTOKAM_2160,AVTOKAM,,1990,1999,2025-07-26 16:51:01
20349901,AVTOKAM_2163,AVTOKAM,,1990,1993,2025-07-26 16:51:01
20349913,AVTOKAM_3101,AVTOKAM,,1990,1993,2025-07-26 16:51:01
20353125,BMW_6ER,BMW,III (F06/F13/F12) Рестайлинг,2015,2018,2025-07-26 16:51:00
20356185,ALFA_ROMEO_6,ALFA_ROMEO,,1979,1988,2025-07-26 16:51:00
20356197,ALFA_ROMEO_DISCO_VOLANTE,ALFA_ROMEO,,2013,2013,2025-07-26 16:51:00
20356221,AC_378_GT,AC,I,2012,2012,2025-07-26 16:51:00
20356672,BENTLEY_CONTINENTAL,BENTLEY,I,1984,2003,2025-07-26 16:51:00
20357720,ALPINA_B10,ALPINA,E34,1988,1996,2025-07-26 16:51:00
20357740,ALPINA_B10,ALPINA,E28,1984,1987,2025-07-26 16:51:00
20357767,ALPINA_B11,ALPINA,E32,1987,1994,2025-07-26 16:51:00
20357788,ALPINA_B3,ALPINA,E30,1987,1992,2025-07-26 16:51:00
20357809,ALPINA_B6,ALPINA,E21,1978,1983,2025-07-26 16:51:00
20357832,ALPINA_B6,ALPINA,E30,1984,1990,2025-07-26 16:51:00
20357853,ALPINA_B6,ALPINA,E36,1992,1993,2025-07-26 16:51:00
20357876,ALPINA_B7,ALPINA,E12,1978,1982,2025-07-26 16:51:00
20357900,ALPINA_B7,ALPINA,E24,1978,1988,2025-07-26 16:51:00
20357921,ALPINA_B7,ALPINA,E28,1986,1987,2025-07-26 16:51:00
20357980,ALPINA_ROADSTER,ALPINA,Z1,1990,1991,2025-07-26 16:51:00
20358001,ALPINA_ROADSTER,ALPINA,Z4,2003,2005,2025-07-26 16:51:00
20358036,ALPINA_C2,ALPINA,E30,1985,1987,2025-07-26 16:51:00
20358057,ALPINA_C1,ALPINA,E21,1980,1983,2025-07-26 16:51:00
20358078,ALPINA_C1,ALPINA,E30,1983,1987,2025-07-26 16:51:00
20358107,ALPINA_B8,ALPINA,E23,1979,1986,2025-07-26 16:51:00
20368749,AUDI_Q7,AUDI,II (4M),2015,2019,2025-07-26 16:51:00
20371753,BMW_1ER,BMW,II (F20/F21) Рестайлинг,2015,2017,2025-07-26 16:51:00
20416412,AUDI_RS3,AUDI,II (8V),2015,2016,2025-07-26 16:51:00
20481046,ACURA_ILX,ACURA,I Рестайлинг,2015,2018,2025-07-26 16:51:00
20489751,AUDI_R8,AUDI,II (4S),2015,2018,2025-07-26 16:51:00
20516629,AM_GENERAL_HUMVEE,AM_GENERAL,,1984,2006,2025-07-26 16:51:00
20519154,ALPINA_B9,ALPINA,,1981,1985,2025-07-26 16:51:00
20527179,ALPINA_B6,ALPINA,F12/F13 Рестайлинг,2015,2017,2025-07-26 16:51:00
20529731,AUSTIN_MINI,AUSTIN,,1967,1993,2025-07-26 16:51:00
20542082,BENTLEY_CONTINENTAL_GT,BENTLEY,II Рестайлинг,2015,2017,2025-07-26 16:51:00
20548423,BMW_3ER,BMW,VI (F3x) Рестайлинг,2015,2020,2025-07-26 16:51:00
20583308,BMW_X1,BMW,II (F48),2015,2019,2025-07-26 16:51:00
20619259,BMW_7ER,BMW,VI (G11/G12),2015,2019,2025-07-26 16:51:00
20632920,BMW_2GRANDTOURER,BMW,F46,2015,2018,2025-07-26 16:51:00
20637504,AUDI_A4,AUDI,V (B9),2015,2020,2025-07-26 16:51:00
20650055,ACURA_NSX,ACURA,II,2015,2022,2025-07-26 16:51:00
20651670,AC_COBRA,AC,Mk III,1965,1967,2025-07-26 16:51:00
20651758,ADLER_TRUMPF_JUNIOR,ADLER,I,1934,1941,2025-07-26 16:51:00
20651819,ALFA_ROMEO_2600,ALFA_ROMEO,I,1962,1968,2025-07-26 16:51:00
20652099,AUDI_920,AUDI,I,1938,1940,2025-07-26 16:51:00
20652504,BENTLEY_S,BENTLEY,I,1955,1959,2025-07-26 16:51:00
20654396,BMW_315,BMW,,1934,1937,2025-07-26 16:51:00
20654527,BMW_321,BMW,I,1937,1950,2025-07-26 16:51:00
20654710,BMW_326,BMW,I,1936,1946,2025-07-26 16:51:00
20654943,BMW_340,BMW,I,1949,1953,2025-07-26 16:51:00
20686764,ASIA_TOPIC,ASIA,,1987,1999,2025-07-26 16:51:00
20687587,BENTLEY_BENTAYGA,BENTLEY,I,2015,2020,2025-07-26 16:51:00
20690784,AUDI_S4,AUDI,V (B9),2016,2019,2025-07-26 16:51:00
20702464,BMW_M2,BMW,F87,2015,2017,2025-07-26 16:51:00
20702628,ALFA_ROMEO_105_115,ALFA_ROMEO,,1965,1977,2025-07-26 16:51:00
20703401,ACURA_MDX,ACURA,III Рестайлинг 1,2015,2016,2025-07-26 16:51:00
20712859,ASTON_MARTIN_DB5,ASTON_MARTIN,,1963,1965,2025-07-26 16:51:00
20713016,ASTON_MARTIN_DBS,ASTON_MARTIN,I,1967,1972,2025-07-26 16:51:00
20713178,AMC_HORNET,AMC,,1974,1975,2025-07-26 16:51:00
20728074,ALFA_ROMEO_GIULIA,ALFA_ROMEO,II (952),2015,2020,2025-07-26 16:51:00
20741398,AUDI_FRONT,AUDI,UW 225,1935,1938,2025-07-26 16:51:00
20741528,AUDI_TYP_R,AUDI,,1927,1929,2025-07-26 16:51:00
20742092,BENTLEY_R_TYPE,BENTLEY,,1952,1955,2025-07-26 16:51:00
20742202,BENTLEY_S,BENTLEY,II,1959,1962,2025-07-26 16:51:00
20742263,BENTLEY_S,BENTLEY,III,1962,1965,2025-07-26 16:51:00
20742310,BENTLEY_T_SERIES,BENTLEY,,1965,1980,2025-07-26 16:51:00
20742398,BENTLEY_MARK_VI,BENTLEY,,1946,1952,2025-07-26 16:51:00
20742451,BMW_NEW_CLASS,BMW,1600,1964,1966,2025-07-26 16:51:00
20742467,BMW_NEW_CLASS,BMW,1500,1962,1964,2025-07-26 16:51:00
20742482,BMW_NEW_CLASS,BMW,1800,1963,1971,2025-07-26 16:51:00
20742497,BMW_NEW_CLASS,BMW,2000,1965,1970,2025-07-26 16:51:00
20742801,BMW_NEW_CLASS,BMW,2000 C/CA/CS,1965,1969,2025-07-26 16:51:00
20742888,BMW_3_15,BMW,DA-1,1927,1929,2025-07-26 16:51:00
20742904,BMW_3_15,BMW,DA-2,1929,1931,2025-07-26 16:51:00
20742917,BMW_3_15,BMW,DA-4,1931,1932,2025-07-26 16:51:00
20743054,BMW_3200,BMW,,1962,1965,2025-07-26 16:51:00
20743109,BMW_327,BMW,,1937,1941,2025-07-26 16:51:00
20743170,BMW_501,BMW,,1952,1958,2025-07-26 16:51:00
20743238,BMW_502,BMW,,1954,1961,2025-07-26 16:51:00
20744561,AUDI_A4_ALLROAD,AUDI,V (B9),2016,2020,2025-07-26 16:51:00
20745026,BMW_503,BMW,,1956,1959,2025-07-26 16:51:00
20745097,BMW_507,BMW,,1956,1959,2025-07-26 16:51:00
20745563,BMW_600,BMW,,1957,1959,2025-07-26 16:51:00
20745615,BMW_700,BMW,,1959,1965,2025-07-26 16:51:00
20745668,BMW_E9,BMW,,1968,1975,2025-07-26 16:51:00
20745744,BMW_E3,BMW,,1968,1977,2025-07-26 16:51:00
20754201,ALFA_ROMEO_1900,ALFA_ROMEO,,1950,1959,2025-07-26 16:51:00
20754583,ALFA_ROMEO_6C,ALFA_ROMEO,,1927,1933,2025-07-26 16:51:00
20755439,ALPINA_B7,ALPINA,G12,2016,2019,2025-07-26 16:51:00
20756069,ALFA_ROMEO_GIULIETTA,ALFA_ROMEO,I,1954,1963,2025-07-26 16:51:00
20763132,BENTLEY_MULSANNE,BENTLEY,II Рестайлинг,2016,2020,2025-07-26 16:51:00
20765248,ALFA_ROMEO_GIULIETTA,ALFA_ROMEO,III Рестайлинг,2016,2020,2025-07-26 16:51:00
20765802,AUDI_Q2,AUDI,I,2016,2021,2025-07-26 16:51:00
20766521,ASTON_MARTIN_DB11,ASTON_MARTIN,I,2016,2023,2025-07-26 16:51:00
20766937,AUDI_SQ7,AUDI,I (4M),2016,2019,2025-07-26 16:51:00
20773344,BMW_X6_M,BMW,I (E71) Рестайлинг,2012,2014,2025-07-26 16:51:00
20783818,AUDI_TT_RS,AUDI,III (8S),2016,2018,2025-07-26 16:51:00
20785010,AUDI_A3,AUDI,III (8V) Рестайлинг,2016,2020,2025-07-26 16:51:00
20795592,AUDI_A5,AUDI,II (F5),2016,2020,2025-07-26 16:51:00
20795748,AUDI_S5,AUDI,II (F5),2016,2019,2025-07-26 16:51:00
20799705,AUDI_S3,AUDI,III (8V) Рестайлинг,2016,2020,2025-07-26 16:51:00
20805126,ACURA_MDX,ACURA,III Рестайлинг 2,2016,2020,2025-07-26 16:51:00
20830322,BATMOBILE_1989,BATMOBILE,I,1989,1992,2025-07-26 16:51:00
20847120,BMW_X2,BMW,I (F39),2017,2023,2025-07-26 16:51:00
20847894,AUDI_RS3,AUDI,II (8V) Рестайлинг,2017,2021,2025-07-26 16:51:00
20849216,AUDI_Q5,AUDI,II (FY),2017,2020,2025-07-26 16:51:00
20856169,BMW_5ER,BMW,VII (G30/G31/G38),2017,2020,2025-07-26 16:51:00
20906765,BMW_4,BMW,F32/F33/F36 Рестайлинг,2017,2021,2025-07-26 16:51:00
20908618,ALFA_ROMEO_STELVIO,ALFA_ROMEO,I,2016,2020,2025-07-26 16:51:00
20913103,BILENKIN_VINTAGE,BILENKIN,I,2015,2016,2025-07-26 16:51:00
20950508,AUDI_RS5,AUDI,II (F5),2017,2019,2025-07-26 16:51:00
20950585,ALPINE_A110,ALPINE,II,2017,2026,2025-07-26 16:51:00
20973662,BAJAJ_QUTE,BAJAJ,I,2016,2026,2025-07-26 16:51:00
20990497,AUDI_SQ5,AUDI,II (FY),2017,2020,2025-07-26 16:51:00
21006297,BMW_2ER,BMW,F22 Рестайлинг,2017,2021,2025-07-26 16:51:00
21006990,BMW_1ER,BMW,II (F20/F21) Рестайлинг 2,2017,2019,2025-07-26 16:51:00
21021798,BMW_6ER,BMW,IV (G32),2017,2020,2025-07-26 16:51:00
21028614,BITTER_CD,BITTER,,1973,1979,2025-07-26 16:51:00
21029610,BMW_X3,BMW,III (G01),2017,2021,2025-07-26 16:51:00
21040120,AUDI_A8,AUDI,IV (D5),2017,2022,2025-07-26 16:51:00
21072315,BAIC_JEEP_CHEROKEE_2500,BAIC,,2003,2005,2025-07-26 16:51:00
21073904,BMW_M5,BMW,VI (F90),2017,2020,2025-07-26 16:51:00
21080702,BMW_I3,BMW,I (I01) Рестайлинг,2017,2022,2025-07-26 16:51:00
21081076,BENTLEY_CONTINENTAL_GT,BENTLEY,III,2017,2026,2025-07-26 16:51:00
21093247,AUDI_RS4,AUDI,IV (B9),2017,2020,2025-07-26 16:51:00
21134030,AUDI_A7,AUDI,II (4K),2018,2026,2025-07-26 16:51:00
21134559,ASTON_MARTIN_DB_AR_1,ASTON_MARTIN,,2003,2004,2025-07-26 16:51:00
21141368,ADLER_DIPLOMAT,ADLER,,1934,1940,2025-07-26 16:51:00
21164104,ASTON_MARTIN_V8,ASTON_MARTIN,IV,2017,2024,2025-07-26 16:51:00
21169831,ACURA_TLX,ACURA,I Рестайлинг,2017,2020,2025-07-26 16:51:00
21172866,BMW_I8,BMW,I Рестайлинг,2017,2020,2025-07-26 16:51:00
21203948,BMW_X4,BMW,II (G02),2018,2021,2025-07-26 16:51:00
21210593,AUDI_A6,AUDI,V (C8),2018,2023,2025-07-26 16:51:00
21218775,ACURA_RLX,ACURA,I Рестайлинг,2017,2020,2025-07-26 16:51:00
21219241,ALFA_ROMEO_MITO,ALFA_ROMEO,I Рестайлинг 2,2016,2018,2025-07-26 16:51:00
21291507,AURUS_SENAT,AURUS,I,2018,2026,2025-07-26 16:51:00
21298451,BAIC_LUBA,BAIC,I,2000,2017,2025-07-26 16:51:00
21307931,BMW_X5,BMW,IV (G05/G18),2018,2023,2025-07-26 16:51:00
21314092,BAIC_A1,BAIC,I,2012,2018,2025-07-26 16:51:00
21315288,AUDI_Q8,AUDI,I (4M),2018,2023,2025-07-26 16:51:00
21315985,BMW_8ER,BMW,II (G14/G15/G16),2018,2022,2025-07-26 16:51:00
21345405,AUDI_200,AUDI,II (C3) Рестайлинг,1988,1991,2025-07-26 16:51:00
21356775,AUDI_Q3,AUDI,II (F3),2018,2026,2025-07-26 16:51:00
21361238,AUSTIN_SPRITE,AUSTIN,I,1958,1961,2025-07-26 16:51:00
21361393,AUSTIN_SPRITE,AUSTIN,II,1961,1964,2025-07-26 16:51:00
21361541,AUSTIN_SPRITE,AUSTIN,III,1964,1966,2025-07-26 16:51:00
21361605,AUSTIN_SPRITE,AUSTIN,IV,1966,1971,2025-07-26 16:51:00
21363127,BMW_M2,BMW,F87 Рестайлинг,2017,2021,2025-07-26 16:51:00
21373232,AUSTIN_HEALEY_3000,AUSTIN_HEALEY,"I (BN7, BT7)",1959,1961,2025-07-26 16:51:00
21373436,AUSTIN_HEALEY_3000,AUSTIN_HEALEY,"II (BN7, BT7)",1961,1962,2025-07-26 16:51:00
21373586,AUSTIN_HEALEY_3000,AUSTIN_HEALEY,II (BJ7),1962,1964,2025-07-26 16:51:00
21373656,AUSTIN_HEALEY_3000,AUSTIN_HEALEY,III (BJ8),1964,1967,2025-07-26 16:51:00
21374541,ASTON_MARTIN_DBS,ASTON_MARTIN,III,2018,2024,2025-07-26 16:51:00
21393232,BMW_Z4,BMW,III (G29),2018,2022,2025-07-26 16:51:00
21398591,BMW_3ER,BMW,VII (G2x),2018,2022,2025-07-26 16:51:00
21402308,BMW_2ACTIVETOURER,BMW,F45 Рестайлинг,2018,2021,2025-07-26 16:51:00
21406086,BMW_X7,BMW,I (G07),2019,2022,2025-07-26 16:51:00
21409707,BMW_2GRANDTOURER,BMW,F46 Рестайлинг,2018,2022,2025-07-26 16:51:00
21428669,AUDI_A1,AUDI,II (GB),2018,2026,2025-07-26 16:51:00
21447469,AUDI_E_TRON,AUDI,I,2018,2023,2025-07-26 16:51:00
21456196,AUDI_SQ2,AUDI,I,2018,2020,2025-07-26 16:51:00
21460328,AUDI_A4,AUDI,V (B9) Рестайлинг,2019,2025,2025-07-26 16:51:00
21464559,AUDI_TT,AUDI,III (8S) Рестайлинг,2018,2023,2025-07-26 16:51:00
21465608,BAIC_EU,BAIC,I,2015,2017,2025-07-26 16:51:00
21468461,ACURA_RDX,ACURA,III,2018,2021,2025-07-26 16:51:00
21468710,ACURA_RDX,ACURA,II Рестайлинг,2015,2018,2025-07-26 16:51:00
21468782,ACURA_ILX,ACURA,I Рестайлинг 2,2018,2022,2025-07-26 16:51:00
21473050,BMW_7ER,BMW,VI (G11/G12) Рестайлинг,2019,2022,2025-07-26 16:51:00
21496691,BMW_X3_M,BMW,I (F97),2019,2021,2025-07-26 16:51:00
21496977,BMW_X4_M,BMW,I (F98),2019,2021,2025-07-26 16:51:00
21529159,ALPINA_D4,ALPINA,F32/F33,2014,2017,2025-07-26 16:51:00
21529993,ALPINA_D4,ALPINA,F32/F33 Рестайлинг,2017,2018,2025-07-26 16:51:00
21530292,ALPINA_B4,ALPINA,F32/F33 Рестайлинг,2017,2019,2025-07-26 16:51:00
21531550,ALPINA_B3,ALPINA,F30 Рестайлинг,2017,2019,2025-07-26 16:51:00
21531962,ALPINA_D3,ALPINA,F30 Рестайлинг,2017,2019,2025-07-26 16:51:00
21540586,AMC_EAGLE,AMC,,1979,1987,2025-07-26 16:51:00
21549085,AUDI_R8,AUDI,II (4S) Рестайлинг,2019,2023,2025-07-26 16:51:00
21556524,AUDI_TTS,AUDI,III (8S) Рестайлинг,2018,2023,2025-07-26 16:51:00
21557154,AUDI_TT_RS,AUDI,III (8S) Рестайлинг,2019,2023,2025-07-26 16:51:00
21573418,BMW_1ER,BMW,III (F40),2019,2024,2025-07-26 16:51:00
21574693,BMW_X1,BMW,II (F48) Рестайлинг,2019,2022,2025-07-26 16:51:00
21578636,BMW_M8,BMW,I (F91/F92/F93),2019,2022,2025-07-26 16:51:00
21596465,AUDI_A4_ALLROAD,AUDI,V (B9) Рестайлинг,2019,2025,2025-07-26 16:51:00
21596554,AUDI_S6,AUDI,V (C8),2019,2025,2025-07-26 16:51:00
21598343,AUDI_S7,AUDI,II (4K),2019,2025,2025-07-26 16:51:00
21610786,BMW_X6,BMW,III (G06),2019,2023,2025-07-26 16:51:00
21634244,AUDI_Q3_SPORTBACK,AUDI,II (F3),2019,2025,2025-07-26 16:51:00
21646875,AUDI_Q7,AUDI,II (4M) Рестайлинг,2019,2024,2025-07-26 16:51:00
21647184,AUDI_SQ7,AUDI,I (4M) Рестайлинг,2019,2024,2025-07-26 16:51:00
21671494,AUDI_SQ8,AUDI,I (4M),2019,2023,2025-07-26 16:51:00
21672228,BATMOBILE_2018,BATMOBILE,I,2018,2018,2025-07-26 16:51:00
21677765,APAL_21541,APAL,I,2018,2020,2025-07-26 16:51:00
21678729,AUDI_S4,AUDI,V (B9) Рестайлинг,2019,2026,2025-07-26 16:51:00
21678956,AUDI_RS4,AUDI,IV (B9) Рестайлинг,2019,2026,2025-07-26 16:51:00
21679476,BMW_X5_M,BMW,III (F95),2019,2023,2025-07-26 16:51:00
21679606,BMW_X6_M,BMW,III (F96),2019,2023,2025-07-26 16:51:00
21684598,BENTLEY_FLYING_SPUR,BENTLEY,III,2019,2024,2025-07-26 16:51:00
21686676,AUDI_ALLROAD,AUDI,IV (C8),2019,2025,2025-07-26 16:51:00
21687138,AUDI_ALLROAD,AUDI,II (C6) Рестайлинг,2008,2011,2025-07-26 16:51:00
21687591,AUDI_RSQ3,AUDI,II (F3),2019,2026,2025-07-26 16:51:00
21688628,AUDI_RS_Q3_SPORTBACK,AUDI,I (F3),2019,2026,2025-07-26 16:51:00
21691902,BMW_2ER,BMW,F44,2019,2024,2025-07-26 16:51:00
21710404,AUDI_R8_LMP,AUDI,I,2000,2005,2025-07-26 16:51:00
21715692,AUDI_S8,AUDI,IV (D5),2019,2021,2025-07-26 16:51:00
21716027,AUDI_RS6,AUDI,IV (C8),2019,2025,2025-07-26 16:51:00
21718520,AUDI_RS7,AUDI,II (4K),2019,2025,2025-07-26 16:51:00
21720015,ASTON_MARTIN_DBX,ASTON_MARTIN,I,2020,2026,2025-07-26 16:51:00
21721427,AUDI_E_TRON_SPORTBACK,AUDI,I,2019,2022,2025-07-26 16:51:00
21725974,ALPINA_B3,ALPINA,G20,2019,2022,2025-07-26 16:51:00
21727684,ALPINA_B5,ALPINA,G30/G31,2017,2020,2025-07-26 16:51:00
21728021,ALPINA_D5,ALPINA,G30/G31,2017,2020,2025-07-26 16:51:00
21728269,ALPINA_XD3,ALPINA,G01,2018,2021,2025-07-26 16:51:00
21728389,ALPINA_XD4,ALPINA,G02,2018,2021,2025-07-26 16:51:00
21744442,AUDI_RS5,AUDI,II (F5) Рестайлинг,2019,2026,2025-07-26 16:51:00
21745628,AUDI_A5,AUDI,II (F5) Рестайлинг,2019,2025,2025-07-26 16:51:00
21746753,AUDI_S5,AUDI,II (F5) Рестайлинг,2019,2024,2025-07-26 16:51:00
21753317,AUSTIN_FL2,AUSTIN,,1958,1978,2025-07-26 16:51:00
21757239,AUDI_RS_Q8,AUDI,I,2019,2024,2025-07-26 16:51:00
21783528,BMW_M4,BMW,F82/F83 Рестайлинг,2017,2020,2025-07-26 16:51:00
21837610,AUDI_A3,AUDI,IV (8Y),2020,2024,2025-07-26 16:51:00
22212692,BMW_5ER,BMW,VII (G30/G31/G38) Рестайлинг,2020,2023,2025-07-26 16:51:00
22248286,BMW_6ER,BMW,IV (G32) Рестайлинг,2020,2024,2025-07-26 16:51:00
22300855,BMW_4,BMW,"G22, G23, G26",2020,2024,2025-07-26 16:51:00
22361368,BMW_M5,BMW,VI (F90) Рестайлинг,2020,2024,2025-07-26 16:51:00
22408434,AUDI_Q5,AUDI,II (FY) Рестайлинг,2020,2026,2025-07-26 16:51:00
22418297,BENTLEY_BENTAYGA,BENTLEY,I Рестайлинг,2020,2026,2025-07-26 16:51:00
22427069,BMW_IX3,BMW,I (G08),2020,2021,2025-07-26 16:51:00
22432845,BIO_AUTO_EVA_4,BIO_AUTO,,2009,2020,2025-07-26 16:51:00
22450006,AUSTIN_HEALEY_100,AUSTIN_HEALEY,100 (BN4/BN6),1956,1959,2025-07-26 16:51:00
22479856,AUDI_S3,AUDI,IV (8Y),2020,2024,2025-07-26 16:51:00
22480458,BAIC_EU5,BAIC,I,2018,2022,2025-07-26 16:51:00
22516760,BMW_M3,BMW,VI (G80),2020,2024,2025-07-26 16:51:00
22517298,BMW_M4,BMW,G82/G83,2020,2024,2025-07-26 16:51:00
22518008,BAIC_BJ_2026,BAIC,,2011,2015,2025-07-26 16:51:00
22523394,AUDI_Q2,AUDI,I Рестайлинг,2020,2026,2025-07-26 16:51:00
22613592,BMW_M5,BMW,V (F10) Рестайлинг,2013,2016,2025-07-26 16:51:00
22651901,AUDI_SQ5,AUDI,II (FY) Рестайлинг,2020,2024,2025-07-26 16:51:00
22662169,AUSTIN_FX4,AUSTIN,,1958,1982,2025-07-26 16:51:00
22664138,AUDI_SQ2,AUDI,I Рестайлинг,2020,2026,2025-07-26 16:51:00
22686970,AUDI_E_TRON_S,AUDI,,2019,2022,2025-07-26 16:51:00
22687079,AUDI_E_TRON_S_SPORTBACK,AUDI,,2019,2022,2025-07-26 16:51:00
22696337,AUDI_Q5_SPORTBACK,AUDI,I (FY),2020,2025,2025-07-26 16:51:00
22697537,AUDI_SQ5_SPORTBACK,AUDI,I (FY),2020,2024,2025-07-26 16:51:00
22735696,AUBURN_SPEEDSTER,AUBURN,,1935,1937,2025-07-26 16:51:00
22779281,AUDI_E_TRON_GT,AUDI,I,2020,2024,2025-07-26 16:51:00
22779450,AUDI_RS_E_TRON_GT,AUDI,I,2020,2024,2025-07-26 16:51:00
22864308,AUDI_Q4,AUDI,I,2021,2026,2025-07-26 16:51:00
22864516,AUDI_Q4_SPORTBACK,AUDI,I,2021,2026,2025-07-26 16:51:00
22906018,BMW_IX,BMW,I (I20),2021,2025,2025-07-26 16:51:00
22906784,BMW_X3,BMW,III (G01) Рестайлинг,2021,2024,2025-07-26 16:51:00
22907777,BMW_X4,BMW,II (G02) Рестайлинг,2021,2026,2025-07-26 16:51:00
22912126,BMW_I4,BMW,G26,2021,2024,2025-07-26 16:51:00
22925358,BMW_X3_M,BMW,I (F97) Рестайлинг,2021,2026,2025-07-26 16:51:00
22925977,BMW_X4_M,BMW,I (F98) Рестайлинг,2021,2026,2025-07-26 16:51:00
22947260,ACURA_MDX,ACURA,IV,2021,2024,2025-07-26 16:51:00
22969656,BMW_2ER,BMW,G42,2021,2024,2025-07-26 16:51:00
22980697,AUDI_RS3,AUDI,III (8Y),2021,2024,2025-07-26 16:51:00
23003042,ASIA_TOWNER,ASIA,,1992,1999,2025-07-26 16:51:00
23010483,BMW_IX3,BMW,I (G08) Рестайлинг,2021,2025,2025-07-26 16:51:00
23012134,ALPINA_B8,ALPINA,G16,2021,2026,2025-07-26 16:51:00
23012299,ALPINA_XB7,ALPINA,G07,2020,2022,2025-07-26 16:51:00
23013536,ALPINA_B7,ALPINA,G12 Рестайлинг,2019,2022,2025-07-26 16:51:00
23013679,ALPINA_B5,ALPINA,G30/G31 Рестайлинг,2020,2024,2025-07-26 16:51:00
23013938,ALPINA_D5,ALPINA,G30/G31 Рестайлинг,2020,2024,2025-07-26 16:51:00
23015179,ALPINA_D3,ALPINA,G20,2020,2022,2025-07-26 16:51:00
23016381,ACURA_TLX,ACURA,II,2020,2023,2025-07-26 16:51:00
23028153,BAIC_EX5,BAIC,,2019,2022,2025-07-26 16:51:00
2305153,ACURA_CSX,ACURA,,2005,2011,2025-07-26 16:51:00
2305157,ACURA_TSX,ACURA,II,2008,2014,2025-07-26 16:51:00
2305162,ACURA_TL,ACURA,IV,2008,2011,2025-07-26 16:51:00
2305168,ACURA_RL,ACURA,II,2004,2008,2025-07-26 16:51:00
2305172,ACURA_RDX,ACURA,I,2006,2009,2025-07-26 16:51:00
2305176,ACURA_MDX,ACURA,II,2006,2010,2025-07-26 16:51:00
2305181,ALFA_ROMEO_147,ALFA_ROMEO,I Рестайлинг,2004,2010,2025-07-26 16:51:00
2305201,ALFA_ROMEO_GT,ALFA_ROMEO,,2003,2010,2025-07-26 16:51:00
2305211,ALFA_ROMEO_159,ALFA_ROMEO,,2005,2011,2025-07-26 16:51:00
2305234,ALFA_ROMEO_166,ALFA_ROMEO,I Рестайлинг,2003,2007,2025-07-26 16:51:00
2305239,ALFA_ROMEO_BRERA,ALFA_ROMEO,I,2005,2008,2025-07-26 16:51:00
2305246,ALFA_ROMEO_SPIDER,ALFA_ROMEO,III,2006,2008,2025-07-26 16:51:00
2305256,ALFA_ROMEO_8C_COMPETIZIONE,ALFA_ROMEO,,2007,2010,2025-07-26 16:51:00
2305261,ASTON_MARTIN_V8,ASTON_MARTIN,III,2005,2008,2025-07-26 16:51:00
2305269,ASTON_MARTIN_DB9,ASTON_MARTIN,I,2003,2008,2025-07-26 16:51:00
2305282,AUDI_A3,AUDI,II (8P) Рестайлинг 2,2008,2013,2025-07-26 16:51:00
2305317,AUDI_TT,AUDI,II (8J),2006,2010,2025-07-26 16:51:00
2305334,AUDI_A4,AUDI,III (B7),2004,2009,2025-07-26 16:51:00
2305408,AUDI_A5,AUDI,I (8T),2007,2011,2025-07-26 16:51:00
2305417,AUDI_A6,AUDI,III (C6) Рестайлинг,2008,2011,2025-07-26 16:51:00
2305465,AUDI_ALLROAD,AUDI,II (C6),2006,2008,2025-07-26 16:51:00
2305474,AUDI_A8,AUDI,II (D3) Рестайлинг 2,2007,2010,2025-07-26 16:51:00
2305489,AUDI_R8,AUDI,I (Typ 42),2007,2012,2025-07-26 16:51:00
2305494,AUDI_Q7,AUDI,I (4L),2005,2009,2025-07-26 16:51:00
2305502,BENTLEY_CONTINENTAL_GT,BENTLEY,I,2003,2011,2025-07-26 16:51:00
2305516,BENTLEY_AZURE,BENTLEY,II,2005,2009,2025-07-26 16:51:00
2305521,BMW_1ER,BMW,I (E81/E82/E87/E88) Рестайлинг,2007,2011,2025-07-26 16:51:00
2305536,BMW_3ER,BMW,V (E90/E91/E92/E93),2004,2010,2025-07-26 16:51:00
2305595,BMW_Z4,BMW,I (E85/E86) Рестайлинг,2005,2009,2025-07-26 16:51:00
2305607,BMW_5ER,BMW,V (E60/E61) Рестайлинг,2007,2010,2025-07-26 16:51:00
2305644,BMW_6ER,BMW,II (E63/E64) Рестайлинг,2007,2010,2025-07-26 16:51:00
2305656,BMW_7ER,BMW,IV (E65/E66) Рестайлинг,2005,2008,2025-07-26 16:51:00
2305668,BMW_X3,BMW,I (E83) Рестайлинг,2006,2010,2025-07-26 16:51:00
2305679,BMW_X5,BMW,II (E70),2006,2010,2025-07-26 16:51:00
23065460,ARIEL_NOMAD,ARIEL,I,2015,2024,2025-07-26 16:51:00
23069263,BMW_2ACTIVETOURER,BMW,U06,2021,2026,2025-07-26 16:51:00
23088625,ALPINA_XD3,ALPINA,G01 Рестайлинг,2021,2026,2025-07-26 16:51:00
23088896,ALPINA_XD4,ALPINA,G02 Рестайлинг,2021,2026,2025-07-26 16:51:00
23088962,ASTON_MARTIN_VULCAN,ASTON_MARTIN,,2015,2016,2025-07-26 16:51:00
23093730,AMC_RAMBLER_CLASSIC,AMC,,1961,1966,2025-07-26 16:51:00
23093916,AMC_RAMBLER_AMBASSADOR,AMC,,1965,1972,2025-07-26 16:51:00
23106346,BAIC_BJ2021,BAIC,,1984,2005,2025-07-26 16:51:00
23141438,AUDI_A8,AUDI,IV (D5) Рестайлинг,2021,2026,2025-07-26 16:51:00
23141518,AUDI_S8,AUDI,IV (D5) Рестайлинг,2021,2026,2025-07-26 16:51:00
23173051,AUDI_RS5,AUDI,I (8T),2010,2011,2025-07-26 16:51:00
23189548,BMW_8ER,BMW,II (G14/G15/G16) Рестайлинг,2022,2026,2025-07-26 16:51:00
23192391,BMW_M8,BMW,I (F91/F92/F93) Рестайлинг,2022,2026,2025-07-26 16:51:00
23213110,ALFA_ROMEO_TONALE,ALFA_ROMEO,I,2022,2025,2025-07-26 16:51:00
23233871,AION_S,AION,,2019,2026,2025-07-26 16:51:00
23234183,AION_S_PLUS,AION,,2021,2023,2025-07-26 16:51:00
2323576,AUDI_A4,AUDI,IV (B8),2007,2012,2025-07-26 16:51:00
23239214,BLAVAL_FH_EQ,BLAVAL,,2021,2023,2025-07-26 16:51:00
23259094,ASTON_MARTIN_V12_VANTAGE,ASTON_MARTIN,II,2022,2026,2025-07-26 16:51:00
23259277,BMW_7ER,BMW,VII (G70),2022,2026,2025-07-26 16:51:00
23259554,BMW_I7,BMW,I (G70),2022,2026,2025-07-26 16:51:00
23263237,BMW_X7,BMW,I (G07) Рестайлинг,2022,2026,2025-07-26 16:51:00
23275857,BMW_3ER,BMW,VII (G2x) Рестайлинг,2022,2024,2025-07-26 16:51:00
23279253,AION_Y,AION,,2021,2022,2025-07-26 16:51:00
23287797,ALPINA_D3,ALPINA,G20 Рестайлинг,2022,2026,2025-07-26 16:51:00
23288709,ALPINA_B3,ALPINA,G20 Рестайлинг,2022,2024,2025-07-26 16:51:00
23291025,BMW_X1,BMW,III (U11/U12),2022,2026,2025-07-26 16:51:00
23291436,BMW_IX1,BMW,,2022,2026,2025-07-26 16:51:00
23299127,ALPINA_XB7,ALPINA,G07 Рестайлинг,2022,2026,2025-07-26 16:51:00
23299278,ALPINA_D4,ALPINA,G26,2022,2026,2025-07-26 16:51:00
23299498,ALPINA_B4,ALPINA,G26,2022,2024,2025-07-26 16:51:00
23302986,AMC_MATADOR,AMC,,1974,1978,2025-07-26 16:51:00
23335197,ACURA_INTEGRA,ACURA,IV,2022,2026,2025-07-26 16:51:00
23335402,ACURA_RDX,ACURA,III Рестайлинг,2021,2026,2025-07-26 16:51:00
23344711,BAIC_BJ40,BAIC,I,2013,2019,2025-07-26 16:51:00
23351363,AION_V,AION,I,2020,2024,2025-07-26 16:51:00
23352339,ARCFOX_ALPHA_S,ARCFOX,,2021,2025,2025-07-26 16:51:00
23352468,ARCFOX_ALPHA_T,ARCFOX,,2020,2025,2025-07-26 16:51:00
23362370,AUTO_UNION_1000_SP,AUTO_UNION,,1958,1965,2025-07-26 16:51:00
23368071,AUDI_Q5_E_TRON,AUDI,,2022,2026,2025-07-26 16:51:00
23381458,BMW_XM,BMW,,2022,2026,2025-07-26 16:51:00
23382756,AURUS_KOMENDANT,AURUS,,2022,2026,2025-07-26 16:51:00
23393674,BMW_M2,BMW,G87,2022,2024,2025-07-26 16:51:00
23400767,BMW_Z4,BMW,III (G29) Рестайлинг,2022,2026,2025-07-26 16:51:00
23407741,AUDI_Q6,AUDI,,2022,2026,2025-07-26 16:51:00
23434841,BAIC_BJ80,BAIC,,2016,2026,2025-07-26 16:51:00
23437412,BMW_I3,BMW,I (G28),2022,2023,2025-07-26 16:51:00
23439091,BAIC_U7,BAIC,,2018,2026,2025-07-26 16:51:00
23448374,BAIC_EU5,BAIC,I (Plus) Рестайлинг,2021,2026,2025-07-26 16:51:00
23449002,AITO_M5,AITO,I,2022,2024,2025-07-26 16:51:00
23449485,AITO_M7,AITO,I,2022,2024,2025-07-26 16:51:00
23453984,BAIC_X35,BAIC,,2019,2025,2025-07-26 16:51:00
23455237,BAOJUN_E300,BAOJUN,,2020,2021,2025-07-26 16:51:00
23455381,BAOJUN_KIWI_EV,BAOJUN,,2021,2025,2025-07-26 16:51:00
23460653,BMW_M_1,BMW,,1978,1981,2025-07-26 16:51:00
23462605,BAIC_X7,BAIC,I,2020,2025,2025-07-26 16:51:00
23466984,AUDI_Q8_E_TRON,AUDI,,2022,2026,2025-07-26 16:51:00
23467505,AUDI_Q8_SPORTBACK_E_TRON,AUDI,,2022,2025,2025-07-26 16:51:00
23467674,AUDI_SQ8_E_TRON,AUDI,,2022,2026,2025-07-26 16:51:00
23467808,AUDI_SQ8_SPORTBACK_E_TRON,AUDI,,2022,2025,2025-07-26 16:51:00
23510867,BMW_X5,BMW,IV (G05/G18) Рестайлинг,2023,2026,2025-07-26 16:51:00
23512081,BMW_X6,BMW,III (G06) Рестайлинг,2023,2026,2025-07-26 16:51:00
23518568,AVATR_11,AVATR,I,2022,2026,2025-07-26 16:51:00
23523331,BAIC_BJ60,BAIC,,2022,2026,2025-07-26 16:51:00
23524081,BAIC_U5,BAIC,I,2014,2017,2025-07-26 16:51:00
23524155,BAIC_U5,BAIC,II,2017,2022,2025-07-26 16:51:00
23525600,BMW_X5_M,BMW,III (F95) Рестайлинг,2023,2026,2025-07-26 16:51:00
23525658,BMW_X6_M,BMW,III (F96) Рестайлинг,2023,2026,2025-07-26 16:51:00
23525726,BAIC_X5,BAIC,I (Senova X55),2015,2018,2025-07-26 16:51:00
23525773,BAIC_X5,BAIC,II (Beijing X5),2018,2022,2025-07-26 16:51:00
23526743,BAIC_EU7,BAIC,,2019,2026,2025-07-26 16:51:00
23527922,BAIC_EX3,BAIC,,2019,2022,2025-07-26 16:51:00
23556667,BAIC_U5_PLUS,BAIC,,2021,2026,2025-07-26 16:51:00
23559375,BAIC_X55,BAIC,,2022,2026,2025-07-26 16:51:00
23602294,ASTON_MARTIN_DB12,ASTON_MARTIN,,2023,2026,2025-07-26 16:51:00
23605833,AUDI_A6,AUDI,V (C8) Рестайлинг,2022,2025,2025-07-26 16:51:00
23608883,BMW_5ER,BMW,VIII (G60/G61/G68),2023,2026,2025-07-26 16:51:00
23609520,BMW_I5,BMW,,2023,2026,2025-07-26 16:51:00
23613555,AION_LX_PLUS,AION,,2022,2026,2025-07-26 16:51:00
23614139,AION_LX,AION,,2019,2022,2025-07-26 16:51:00
23629480,BAIC_BJ90,BAIC,,2016,2023,2025-07-26 16:51:00
23640050,BAOJUN_RS_3,BAOJUN,,2019,2021,2025-07-26 16:51:00
23642946,AIWAYS_U6,AIWAYS,,2021,2023,2025-07-26 16:51:00
23645307,BAOJUN_RC_5,BAOJUN,,2020,2021,2025-07-26 16:51:00
23646011,BAOJUN_RS_5,BAOJUN,,2019,2021,2025-07-26 16:51:00
23648079,BAIC_BJ40,BAIC,I Рестайлинг,2019,2026,2025-07-26 16:51:00
23666420,AION_Y_PLUS,AION,,2022,2026,2025-07-26 16:51:00
23670361,BAIC_RUIXIANG_X5,BAIC,,2021,2026,2025-07-26 16:51:00
23680061,BELGEE_X50,BELGEE,,2023,2026,2025-07-26 16:51:00
23687406,ATOM_01,ATOM,,2025,2026,2025-07-26 16:51:01
23692638,BAW_ACE_M7,BAW,,2022,2026,2025-07-26 16:51:00
23698638,BAIC_BJ2030,BAIC,,1993,2012,2025-07-26 16:51:00
23702452,ALFA_ROMEO_33_STRADALE,ALFA_ROMEO,,2024,2026,2025-07-26 16:51:00
23733273,BAIC_X3,BAIC,,2019,2026,2025-07-26 16:51:00
23734793,AION_HYPER_GT,AION,,2023,2026,2025-07-26 16:51:00
23739586,BAIC_BJ30,BAIC,I,2020,2024,2025-07-26 16:51:00
23739791,AION_HYPER_SSR,AION,,2023,2026,2025-07-26 16:51:00
23740746,AION_HYPER_HT,AION,,2023,2026,2025-07-26 16:51:00
23742515,BMW_1ER,BMW,III (F52),2017,2019,2025-07-26 16:51:00
23742578,BMW_1ER,BMW,III (F52) Рестайлинг,2019,2024,2025-07-26 16:51:00
23748378,BMW_IX2,BMW,,2023,2026,2025-07-26 16:51:00
23748785,BMW_X2,BMW,II (U10),2023,2026,2025-07-26 16:51:00
23760603,AUDI_Q8,AUDI,I (4M) Рестайлинг,2023,2026,2025-07-26 16:51:00
23762418,AUDI_SQ8,AUDI,I (4M) Рестайлинг,2023,2026,2025-07-26 16:51:00
23762659,AVATR_12,AVATR,,2023,2026,2025-07-26 16:51:00
23764833,BAOJUN_YUNDUO,BAOJUN,,2023,2026,2025-07-26 16:51:00
23777089,BAIC_BJ_212,BAIC,I Рестайлинг,2020,2024,2025-07-26 16:51:00
23806373,AIWAYS_U5,AIWAYS,,2019,2023,2025-07-26 16:51:00
23821831,AITO_M9,AITO,,2023,2026,2025-07-26 16:51:00
23823871,ASTON_MARTIN_VALKYRIE,ASTON_MARTIN,,2021,2024,2025-07-26 16:51:00
23824334,ASTON_MARTIN_VALOUR,ASTON_MARTIN,,2023,2024,2025-07-26 16:51:00
23840268,BAOJUN_YEP,BAOJUN,,2023,2026,2025-07-26 16:51:00
23842353,BAIC_BJ40,BAIC,II,2023,2026,2025-07-26 16:51:00
23852178,BAW_YUANBAO,BAW,,2022,2026,2025-07-26 16:51:00
23865516,BMW_4,BMW,"G22, G23, G26 Рестайлинг",2024,2026,2025-07-26 16:51:00
23867212,BMW_M4,BMW,G82/G83 Рестайлинг,2024,2026,2025-07-26 16:51:00
23871027,ASTON_MARTIN_V8,ASTON_MARTIN,IV Рестайлинг,2024,2026,2025-07-26 16:51:00
23880490,AMBERAUTO_A5,AMBERAUTO,,2023,2026,2025-07-26 16:51:01
23883368,AUDI_Q7,AUDI,II (4M) Рестайлинг 2,2024,2026,2025-07-26 16:51:00
23885573,AUDI_SQ7,AUDI,I (4M) Рестайлинг 2,2024,2026,2025-07-26 16:51:00
23890950,BAIC_X75,BAIC,,2024,2026,2025-07-26 16:51:00
23902398,AUDI_A3,AUDI,IV (8Y) Рестайлинг,2024,2026,2025-07-26 16:51:00
23910238,BAIC_X7,BAIC,I Рестайлинг,2023,2026,2025-07-26 16:51:00
23915360,BAW_F7,BAW,,2022,2026,2025-07-26 16:51:00
23922964,AUDI_Q6_E_TRON,AUDI,,2024,2026,2025-07-26 16:51:00
23923129,AUDI_SQ6_E_TRON,AUDI,,2024,2026,2025-07-26 16:51:00
23934468,BAW_212,BAW,I,2020,2023,2025-07-26 16:51:00
23935428,AUDI_S3,AUDI,IV (8Y) Рестайлинг,2024,2026,2025-07-26 16:51:00
23935874,ALFA_ROMEO_JUNIOR,ALFA_ROMEO,,2024,2026,2025-07-26 16:51:00
23947603,BAOJUN_YEP_PLUS,BAOJUN,,2024,2026,2025-07-26 16:51:00
23950473,ALFA_ROMEO_GIULIA,ALFA_ROMEO,II (952) Рестайлинг 2,2023,2026,2025-07-26 16:51:00
23960065,AURUS_SENAT,AURUS,I Рестайлинг,2024,2026,2025-07-26 16:51:00
23962688,BENTLEY_MULLINER_BACALAR,BENTLEY,,2021,2021,2025-07-26 16:51:00
23962882,AIXAM_500,AIXAM,,2000,2004,2025-07-26 16:51:00
23973349,BAIC_BJ30,BAIC,II,2024,2026,2025-07-26 16:51:00
23976955,AVATR_07,AVATR,,2024,2026,2025-07-26 16:51:00
23977304,BELGEE_X70,BELGEE,I,2024,2025,2025-07-26 16:51:00
23978803,BMW_M3,BMW,VI (G80) Рестайлинг,2024,2026,2025-07-26 16:51:00
23979176,BMW_3ER,BMW,VII (G2x) Рестайлинг 2,2024,2026,2025-07-26 16:51:00
23979186,BAIC_KENBO_600,BAIC,,2015,2020,2025-07-26 16:51:00
23980878,BENTLEY_MULLINER_BATUR,BENTLEY,,2022,2026,2025-07-26 16:51:00
23981571,BMW_1ER,BMW,IV (F70),2024,2026,2025-07-26 16:51:00
23983025,BMW_I4,BMW,G26 Рестайлинг,2024,2026,2025-07-26 16:51:00
23984721,AITO_M7,AITO,I Рестайлинг,2024,2026,2025-07-26 16:51:00
23985240,AMBERTRUCK_WORK,AMBERTRUCK,I,2024,2026,2025-07-26 16:51:00
23985818,BMW_M2,BMW,G87 Рестайлинг,2024,2026,2025-07-26 16:51:00
23985847,BMW_2ER,BMW,G42 Рестайлинг,2023,2026,2025-07-26 16:51:00
23985950,ALPINA_B4,ALPINA,G26 Рестайлинг,2024,2026,2025-07-26 16:51:00
23987485,ALPINA_B3,ALPINA,G20 Рестайлинг 2,2024,2026,2025-07-26 16:51:00
23987547,BMW_X3,BMW,IV (G45/G48),2024,2026,2025-07-26 16:51:00
23987606,ARCFOX_ALPHA_S5,ARCFOX,I,2024,2026,2025-07-26 16:51:00
23987772,AUDI_RS_E_TRON_GT,AUDI,I Рестайлинг,2024,2026,2025-07-26 16:51:00
23987818,AUDI_S_E_TRON_GT,AUDI,,2024,2026,2025-07-26 16:51:00
23988377,ALFA_ROMEO_GIULIA,ALFA_ROMEO,II (952) Рестайлинг,2020,2023,2025-07-26 16:51:00
23989035,BMW_M5,BMW,VII (G90),2024,2026,2025-07-26 16:51:00
23989125,BENTLEY_CONTINENTAL_GT,BENTLEY,IV,2024,2026,2025-07-26 16:51:00
23989458,BAOJUN_510,BAOJUN,I,2017,2018,2025-07-26 16:51:00
23989506,BAOJUN_510,BAOJUN,I Рестайлинг,2018,2023,2025-07-26 16:51:00
23989701,AUDI_RS_Q8,AUDI,I Рестайлинг,2024,2026,2025-07-26 16:51:00
23990812,212_212_T01,212,,2024,2026,2025-07-26 16:51:00
23991192,ASTON_MARTIN_VALIANT,ASTON_MARTIN,,2024,2026,2025-07-26 16:51:00
23992067,ALPINE_A290,ALPINE,,2024,2026,2025-07-26 16:51:00
23992283,AION_V,AION,II,2024,2026,2025-07-26 16:51:00
23993690,AMC_GREMLIN,AMC,,1970,1978,2025-07-26 16:51:00
23995202,AUDI_A5,AUDI,III (B10),2024,2026,2025-07-26 16:51:00
23997223,AUDI_A6_E_TRON,AUDI,,2024,2026,2025-07-26 16:51:00
23997250,AUDI_S6_E_TRON,AUDI,,2024,2026,2025-07-26 16:51:00
23998408,AUDI_S5,AUDI,III (B10),2024,2026,2025-07-26 16:51:00
24000292,ARCFOX_KAOLA,ARCFOX,,2023,2026,2025-07-26 16:51:00
24001326,ACURA_CDX,ACURA,,2016,2021,2025-07-26 16:51:00
24003704,ALFA_ROMEO_STELVIO,ALFA_ROMEO,I Рестайлинг,2020,2023,2025-07-26 16:51:00
24003706,ALFA_ROMEO_STELVIO,ALFA_ROMEO,I Рестайлинг 2,2023,2026,2025-07-26 16:51:00
24005520,ABARTH_500,ABARTH,I,2008,2016,2025-07-26 16:51:00
24005573,AUDI_Q5,AUDI,III,2024,2026,2025-07-26 16:51:00
24005612,AUDI_SQ5,AUDI,III,2024,2026,2025-07-26 16:51:00
24005654,ABARTH_595,ABARTH,I Рестайлинг,2016,2024,2025-07-26 16:51:00
24005696,ABARTH_124_SPIDER,ABARTH,I,2016,2020,2025-07-26 16:51:00
24005729,AUDI_RS3,AUDI,III (8Y) Рестайлинг,2024,2026,2025-07-26 16:51:00
24005793,ASTON_MARTIN_V12,ASTON_MARTIN,III,2024,2026,2025-07-26 16:51:00
24007609,BMW_NAZCA,BMW,I (M12),1991,1992,2025-07-26 16:51:00
24007637,BMW_NAZCA,BMW,II (C2),1992,1993,2025-07-26 16:51:00
24007757,BENTLEY_FLYING_SPUR,BENTLEY,IV,2024,2026,2025-07-26 16:51:00
24008199,ASTON_MARTIN_V12_SPEEDSTER,ASTON_MARTIN,,2020,2022,2025-07-26 16:51:00
24010863,AION_RT,AION,,2024,2026,2025-07-26 16:51:00
24011054,BMW_I3,BMW,I (G28) Рестайлинг,2023,2026,2025-07-26 16:51:00
24013617,BAOJUN_YUNHAI,BAOJUN,,2024,2026,2025-07-26 16:51:00
24015254,AUDI_Q6_SPORTBACK_E_TRON,AUDI,,2024,2026,2025-07-26 16:51:00
24015328,AUDI_SQ6_SPORTBACK_E_TRON,AUDI,,2024,2026,2025-07-26 16:51:00
24015838,BMW_2ER,BMW,F74/78,2024,2026,2025-07-26 16:51:00
24016129,BAOJUN_RM_5,BAOJUN,,2019,2021,2025-07-26 16:51:00
24016245,BAOJUN_E100,BAOJUN,,2017,2021,2025-07-26 16:51:00
24019593,ASTON_MARTIN_LAGONDA_TARAF,ASTON_MARTIN,,2015,2016,2025-07-26 16:51:00
24019631,ABARTH_600E,ABARTH,,2024,2026,2025-07-26 16:51:00
24028584,ACURA_ZDX,ACURA,II,2024,2025,2025-09-28 13:59:59
24038545,AUDI_E5,AUDI,,2025,2026,2025-07-26 16:51:00
24040278,ACURA_ADX,ACURA,,2024,2026,2025-07-26 16:51:00
24040453,AITO_M5,AITO,I Рестайлинг,2024,2026,2025-07-26 16:51:00
24043420,AUDI_Q5_SPORTBACK,AUDI,II (GU),2024,2026,2025-07-26 16:51:00
24043465,AUDI_SQ5_SPORTBACK,AUDI,II,2024,2026,2025-07-26 16:51:00
24044917,BELGEE_S50,BELGEE,,2024,2026,2025-07-26 16:51:00
24046391,AVATR_11,AVATR,I Рестайлинг,2024,2026,2025-07-26 16:51:00
24048205,ASTON_MARTIN_VALHALLA,ASTON_MARTIN,,2025,2026,2025-07-26 16:51:00
24048313,AVATR_06,AVATR,,2025,2026,2025-07-26 16:51:00
24051659,BAOJUN_530,BAOJUN,I,2018,2019,2025-07-26 16:51:00
24051772,BAOJUN_530,BAOJUN,I Рестайлинг,2019,2021,2025-07-26 16:51:00
24052568,BAOJUN_VALLI,BAOJUN,,2021,2022,2025-07-26 16:51:00
24052628,AC_COBRA_GT,AC,,2023,2026,2025-07-26 16:51:00
24052742,BAOJUN_RC_6,BAOJUN,,2019,2021,2025-07-26 16:51:00
24053903,AION_UT,AION,,2025,2026,2025-07-26 16:51:00
24054075,AURUS_LAFET,AURUS,,2021,2026,2025-07-26 16:51:00
24054979,AION_HYPTEC_HL,AION,,2025,2026,2025-07-26 16:51:00
24060104,BMW_IX,BMW,I (I20) Рестайлинг,2025,2026,2025-07-26 16:51:00
24063290,BMW_ISETTA,BMW,,1955,1962,2025-07-26 16:51:00
24063880,BESTUNE_T90,BESTUNE,I,2024,2026,2025-07-26 16:51:00
24063922,BESTUNE_B70,BESTUNE,I Рестайлинг,2024,2026,2025-07-26 16:51:00
24063943,BESTUNE_B70,BESTUNE,I,2020,2025,2025-07-26 16:51:00
24063994,BESTUNE_T77,BESTUNE,,2020,2025,2025-07-26 16:51:00
24064026,BESTUNE_T55,BESTUNE,,2022,2026,2025-07-26 16:51:00
24069969,AUDI_A6,AUDI,VI (C9),2025,2026,2025-07-26 16:51:00
24071030,AITO_M8,AITO,,2025,2026,2025-07-26 16:51:00
24071359,ALFA_ROMEO_BRERA,ALFA_ROMEO,I Рестайлинг,2008,2010,2025-07-26 16:51:00
24071498,ALFA_ROMEO_SPIDER,ALFA_ROMEO,III Рестайлинг,2008,2010,2025-07-26 16:51:00
24072834,ASTON_MARTIN_DB6,ASTON_MARTIN,,1965,1970,2025-07-26 16:51:00
24084027,BAOJUN_XIANGJING,BAOJUN,,2025,2026,2025-07-26 16:51:00
24084400,BAW_JIABAO,BAW,,2023,2026,2025-07-26 16:51:00
24085235,BMW_IX5,BMW,,2023,2026,2025-07-26 16:51:00
24086264,ADAM_REVO,ADAM,,2005,2006,2025-07-26 16:51:00
24086450,ALPINE_A390,ALPINE,,2025,2026,2025-07-26 16:51:00
24086551,AUDI_E_TRON_GT,AUDI,I Рестайлинг,2025,2026,2025-07-26 16:51:00
24086686,BAIC_BJ2025F,BAIC,,1985,2005,2025-07-26 16:51:00
24087788,AUDI_Q3,AUDI,III (FJ),2025,2026,2025-07-26 16:51:00
24097688,BAW_MPV,BAW,,2025,2026,2025-07-26 16:51:00
2433253,BMW_X6,BMW,I (E71),2007,2012,2025-07-26 16:51:00
2467451,ASTON_MARTIN_DBS,ASTON_MARTIN,II,2007,2012,2025-07-26 16:51:00
24865438,ARCFOX_T1,ARCFOX,,2025,2026,2025-08-17 12:01:56
24867681,AITO_M7,AITO,II,2025,2026,2025-08-23 12:55:15
24868913,BAIC_EC3,BAIC,,2018,2020,2025-09-03 16:17:22
24873745,AUDI_Q3_SPORTBACK,AUDI,III (FJ),2025,2026,2025-08-30 11:19:48
24878966,AION_V,AION,II Рестайлинг,2025,2026,2025-09-01 19:14:49
24886602,BMW_IX3,BMW,II (NA5),2025,2026,2025-09-07 14:46:35
24890687,BELGEE_X80,BELGEE,,2025,2026,2025-09-11 12:29:16
24895907,BELGEE_X70,BELGEE,I Рестайлинг,2025,2026,2025-09-17 17:17:17
24914098,AMBERTRUCK_WORK,AMBERTRUCK,I Рестайлинг,2025,2026,2025-10-03 14:48:14
24925380,ARCFOX_ALPHA_T5,ARCFOX,I,2023,2026,2025-10-19 19:03:47
24925419,ARCFOX_ALPHA_T5,ARCFOX,I Рестайлинг,2025,2026,2025-10-19 19:03:47
24925844,ALFA_ROMEO_TONALE,ALFA_ROMEO,I Рестайлинг,2025,2026,2025-10-22 02:35:03
24930860,ACURA_TLX,ACURA,II Рестайлинг,2023,2026,2025-10-30 12:06:58
24930979,ACURA_MDX,ACURA,IV Рестайлинг,2024,2026,2025-10-30 12:06:58
24935965,ARIEL_NOMAD,ARIEL,II,2025,2026,2025-10-30 12:06:58
24935989,ARCFOX_ALPHA_S6,ARCFOX,,2025,2026,2025-10-30 12:06:58
24943259,ARCFOX_ALPHA_T6,ARCFOX,,2025,2026,2025-11-03 09:59:53
24943977,BAW_M8,BAW,,2025,2026,2025-11-10 09:47:54
24952584,AION_I60,AION,,2025,2026,2025-11-21 14:45:54
24960606,BAIC_BJ41,BAIC,,2025,2026,2025-12-06 22:35:25
24981966,AUDI_E7X,AUDI,,2026,2026,2026-01-18 11:46:46
24984374,ABARTH_595,ABARTH,I,2012,2016,2026-02-02 13:55:44
24984566,AION_N60,AION,,2026,2026,2026-01-23 14:00:34
24987841,BAIC_EU5_PLUS,BAIC,I,2021,2023,2026-02-02 13:55:44
24987885,BAIC_EU5_PLUS,BAIC,I Рестайлинг,2023,2026,2026-02-02 13:55:44
24988777,212_212_T10,212,,2026,2026,2026-02-02 13:55:44
24990680,ABARTH_695,ABARTH,I,2010,2017,2026-02-02 13:55:44
24990937,ABARTH_500,ABARTH,II,2023,2026,2026-02-02 13:55:44
24991273,ABARTH_695,ABARTH,I Рестайлинг,2016,2024,2026-02-05 19:44:37
24994419,ARCFOX_LITE,ARCFOX,,2017,2020,2026-02-07 15:45:07
24995652,BAOJUN_360,BAOJUN,,2018,2021,2026-02-11 13:29:24
24996215,BAOJUN_RS_7,BAOJUN,,2020,2026,2026-02-11 13:29:24
24996234,BAIC_RUIXIANG_X3,BAIC,,2022,2026,2026-02-11 13:29:24
24996784,ABARTH_PULSE,ABARTH,I,2022,2025,2026-02-19 00:01:42
24996861,ABARTH_PULSE,ABARTH,I Рестайлинг,2025,2026,2026-02-19 00:01:42
24998195,BAOJUN_E200,BAOJUN,,2018,2026,2026-02-19 00:01:42
24998246,AITO_M6,AITO,,2026,2026,2026-02-19 00:01:42
24998263,BAOJUN_310,BAOJUN,I,2016,2021,2026-02-19 00:01:42
24999898,BAOJUN_310,BAOJUN,I Рестайлинг,2018,2021,2026-02-19 00:01:42
24999906,ASTON_MARTIN_VANQUISH_ZAGATO,ASTON_MARTIN,II,2016,2018,2026-02-19 00:01:42
25000929,ASTON_MARTIN_VANQUISH_ZAGATO,ASTON_MARTIN,I,2004,2004,2026-02-27 15:08:52
25000969,ABARTH_FASTBACK,ABARTH,I,2023,2025,2026-02-19 00:01:42
25000973,ABARTH_FASTBACK,ABARTH,I Рестайлинг,2025,2026,2026-02-19 00:01:42
25001149,ARCFOX_ALPHA_S5,ARCFOX,I Рестайлинг,2026,2026,2026-02-27 15:08:52
25001203,BAOJUN_730,BAOJUN,I,2014,2015,2026-02-27 15:08:52
25001324,BAOJUN_730,BAOJUN,I Рестайлинг,2015,2017,2026-02-27 15:08:52
25001521,BAOJUN_730,BAOJUN,II,2017,2018,2026-02-27 15:08:52
25001617,AUDI_RS5,AUDI,III (B10),2026,2026,2026-02-27 15:08:52
25001636,BAOJUN_730,BAOJUN,II Рестайлинг,2018,2021,2026-02-27 15:08:52
25006811,BELGEE_X50PLUS,BELGEE,,2026,2026,2026-03-12 07:51:23
25006909,AION_HYPTEC_A800,AION,,2026,2026,2026-03-12 07:51:24
25014432,ARCFOX_S3,ARCFOX,,2026,2026,2026-03-20 13:18:27
25014838,BMW_I3,BMW,NA0,2026,2026,2026-03-20 13:18:27
25023659,BIZZARRINI_5300_GT,BIZZARRINI,,1964,1968,2026-04-08 07:37:02
25025828,BMW_320,BMW,,1937,1938,2026-04-20 21:58:39
25030570,AION_HYPTEC_S600,AION,,2026,2026,2026-04-20 21:58:39
25034089,BMW_7ER,BMW,VII (G70) Рестайлинг,2026,2026,2026-04-24 18:33:27
25035471,BMW_I7,BMW,I (G70) Рестайлинг,2026,2026,2026-05-05 08:13:50
25036216,AION_V_PLUS,AION,,2021,2026,2026-05-05 08:13:50
25037758,AUDI_Q4,AUDI,I Рестайлинг,2026,2026,2026-05-05 08:13:50
25037819,AUDI_Q4_SPORTBACK,AUDI,I Рестайлинг,2026,2026,2026-05-05 08:13:50
25038364,ARCFOX_WENDAO_V9,ARCFOX,,2026,2026,2026-05-05 08:13:50
25043667,212_EXPLORER_01,212,,2026,2026,2026-05-20 19:45:13
25055242,BAIC_EU8,BAIC,,2026,2026,2026-06-07 09:51:16
25056689,AITO_M9,AITO,II,2026,2026,2026-06-07 09:51:16
25057458,AISTALAND_GT7,AISTALAND,,2026,2026,2026-06-07 09:51:18
3473068,ACURA_RL,ACURA,I Рестайлинг,1998,2004,2025-07-26 16:51:00
3473164,ALFA_ROMEO_SPIDER,ALFA_ROMEO,I,1966,1993,2025-07-26 16:51:00
3473170,ALFA_ROMEO_SPIDER,ALFA_ROMEO,II,1995,2005,2025-07-26 16:51:00
3473186,ASTON_MARTIN_V8,ASTON_MARTIN,I,1969,1989,2025-07-26 16:51:00
3473190,ASTON_MARTIN_V8,ASTON_MARTIN,II,1993,2000,2025-07-26 16:51:00
3473199,AUDI_A3,AUDI,I (8L),1996,2000,2025-07-26 16:51:00
3473215,AUDI_A4,AUDI,I (B5),1994,1999,2025-07-26 16:51:00
3473225,AUDI_A4,AUDI,II (B6),2000,2006,2025-07-26 16:51:00
3473231,AUDI_A6,AUDI,I (C4),1994,1997,2025-07-26 16:51:00
3473237,AUDI_A6,AUDI,II (C5),1997,2001,2025-07-26 16:51:00
3473240,AUDI_ALLROAD,AUDI,I (C5),2000,2006,2025-07-26 16:51:00
3473259,BENTLEY_ARNAGE,BENTLEY,I,1998,2002,2025-07-26 16:51:00
3473262,BENTLEY_AZURE,BENTLEY,I,1995,2003,2025-07-26 16:51:00
3473267,BMW_3ER,BMW,I (E21),1975,1983,2025-07-26 16:51:00
3473269,BMW_3ER,BMW,II (E30),1982,1994,2025-07-26 16:51:00
3473271,BMW_3ER,BMW,III (E36),1990,2000,2025-07-26 16:51:00
3473273,BMW_3ER,BMW,IV (E46),1998,2003,2025-07-26 16:51:00
3473274,BMW_5ER,BMW,I (E12),1972,1976,2025-07-26 16:51:00
3473276,BMW_5ER,BMW,II (E28),1981,1988,2025-07-26 16:51:00
3473279,BMW_5ER,BMW,III (E34),1987,1996,2025-07-26 16:51:00
3473283,BMW_5ER,BMW,IV (E39),1995,2000,2025-07-26 16:51:00
3473284,BMW_6ER,BMW,I (E24),1976,1989,2025-07-26 16:51:00
3473285,BMW_7ER,BMW,I (E23),1977,1986,2025-07-26 16:51:00
3473286,BMW_7ER,BMW,II (E32),1986,1994,2025-07-26 16:51:00
3473287,BMW_7ER,BMW,III (E38),1994,1998,2025-07-26 16:51:00
3473288,BMW_X5,BMW,I (E53),1999,2003,2025-07-26 16:51:00
3478805,ASTON_MARTIN_V12,ASTON_MARTIN,I,2001,2007,2025-07-26 16:51:00
3480029,ACURA_RSX,ACURA,I Рестайлинг,2004,2006,2025-07-26 16:51:00
3577547,ALFA_ROMEO_MITO,ALFA_ROMEO,I,2008,2013,2025-07-26 16:51:00
3619723,BMW_7ER,BMW,V (F01/F02/F04),2008,2012,2025-07-26 16:51:00
3659007,BMW_3ER,BMW,V (E90/E91/E92/E93) Рестайлинг,2008,2013,2025-07-26 16:51:00
3722940,BMW_M3,BMW,IV (E90),2007,2013,2025-07-26 16:51:00
3722944,BMW_M5,BMW,IV (E60/E61),2004,2010,2025-07-26 16:51:00
3722947,BMW_Z4_M,BMW,,2006,2009,2025-07-26 16:51:00
3722951,BMW_M6,BMW,II (E63/E64),2005,2010,2025-07-26 16:51:00
3722958,AUDI_S3,AUDI,II (8P) Рестайлинг,2008,2012,2025-07-26 16:51:00
3722961,AUDI_S4,AUDI,III (B7),2004,2008,2025-07-26 16:51:00
3722964,AUDI_RS4,AUDI,II (B7),2005,2009,2025-07-26 16:51:00
3722965,AUDI_S6,AUDI,III (C6),2006,2008,2025-07-26 16:51:00
3722968,AUDI_S8,AUDI,II (D3) Рестайлинг,2006,2011,2025-07-26 16:51:00
3784280,AUDI_Q5,AUDI,I (8R),2008,2012,2025-07-26 16:51:00
3913524,AUDI_S5,AUDI,I (8T),2007,2011,2025-07-26 16:51:00
3949252,AUDI_S4,AUDI,IV (B8),2008,2011,2025-07-26 16:51:00
4601069,ACURA_NSX,ACURA,I,1990,2005,2025-07-26 16:51:00
4601089,AUDI_A6,AUDI,III (C6),2004,2008,2025-07-26 16:51:00
4601115,AUDI_TT,AUDI,I (8N),1998,2003,2025-07-26 16:51:00
4601131,AUDI_A8,AUDI,II (D3) Рестайлинг,2005,2007,2025-07-26 16:51:00
4601157,BMW_5ER,BMW,V (E60/E61),2003,2007,2025-07-26 16:51:00
4601182,BMW_6ER,BMW,II (E63/E64),2003,2007,2025-07-26 16:51:00
4601191,BMW_X3,BMW,I (E83),2003,2006,2025-07-26 16:51:00
4601198,BMW_X5,BMW,I (E53) Рестайлинг,2003,2006,2025-07-26 16:51:00
4624903,BMW_Z4,BMW,II (E89),2009,2013,2025-07-26 16:51:00
4697809,AUDI_S6,AUDI,III (C6) Рестайлинг,2008,2011,2025-07-26 16:51:00
4699679,AUDI_RS6,AUDI,II (C6),2007,2012,2025-07-26 16:51:00
4700043,AUDI_A4_ALLROAD,AUDI,IV (B8),2009,2011,2025-07-26 16:51:00
4720831,ACURA_RSX,ACURA,I,2001,2004,2025-07-26 16:51:00
4720836,ACURA_TSX,ACURA,I,2003,2008,2025-07-26 16:51:00
4720840,ACURA_TL,ACURA,III,2003,2006,2025-07-26 16:51:00
4720852,ALFA_ROMEO_156,ALFA_ROMEO,I Рестайлинг 2,2003,2007,2025-07-26 16:51:00
4720874,ALFA_ROMEO_GTV,ALFA_ROMEO,,1995,2006,2025-07-26 16:51:00
4720885,AUDI_A2,AUDI,,2000,2007,2025-07-26 16:51:00
4720892,AUDI_A3,AUDI,II (8P),2003,2005,2025-07-26 16:51:00
4720905,AUDI_RS6,AUDI,I (C5),2002,2006,2025-07-26 16:51:00
4720908,AUDI_A8,AUDI,II (D3),2002,2005,2025-07-26 16:51:00
4720974,BMW_Z4,BMW,I (E85/E86),2002,2005,2025-07-26 16:51:00
4720980,BMW_7ER,BMW,IV (E65/E66),2001,2005,2025-07-26 16:51:00
4731908,BMW_X5_M,BMW,I (E70),2009,2013,2025-07-26 16:51:00
4731951,BMW_X6_M,BMW,I (E71),2009,2012,2025-07-26 16:51:00
4732025,ALPINA_B3,ALPINA,E90/E92,2007,2013,2025-07-26 16:51:00
4732064,ALPINA_B5,ALPINA,E60/61 Рестайлинг,2007,2010,2025-07-26 16:51:00
4732299,ALPINA_B6,ALPINA,E63/64,2005,2010,2025-07-26 16:51:00
4732314,ALPINA_B7,ALPINA,F01/F02,2010,2012,2025-07-26 16:51:00
4759691,ASTON_MARTIN_DB7,ASTON_MARTIN,I Рестайлинг,1999,2003,2025-07-26 16:51:00
4759774,AUDI_S4,AUDI,II (B6),2002,2004,2025-07-26 16:51:00
4759831,BENTLEY_ARNAGE,BENTLEY,I Рестайлинг,2002,2009,2025-07-26 16:51:00
4841633,ACURA_MDX,ACURA,I,2000,2006,2025-07-26 16:51:00
4841636,ALFA_ROMEO_147,ALFA_ROMEO,I,2000,2004,2025-07-26 16:51:00
4841650,AUDI_S8,AUDI,I (D2) Рестайлинг,1999,2002,2025-07-26 16:51:00
4841653,BMW_Z3,BMW,I Рестайлинг,2000,2002,2025-07-26 16:51:00
4841660,BMW_Z8,BMW,,2000,2003,2025-07-26 16:51:00
4927341,ACURA_INTEGRA,ACURA,III,1993,2001,2025-07-26 16:51:00
4927349,ACURA_TL,ACURA,II,1998,2001,2025-07-26 16:51:00
4927352,ALFA_ROMEO_156,ALFA_ROMEO,I,1997,2002,2025-07-26 16:51:00
4927369,ALFA_ROMEO_166,ALFA_ROMEO,I,1998,2003,2025-07-26 16:51:00
4927403,AUDI_A3,AUDI,I (8L) Рестайлинг,2000,2003,2025-07-26 16:51:00
4927426,AUDI_RS4,AUDI,I (B5),1999,2001,2025-07-26 16:51:00
4927429,AUDI_A8,AUDI,I (D2) Рестайлинг,1999,2002,2025-07-26 16:51:00
4927450,BMW_5ER,BMW,IV (E39) Рестайлинг,2000,2004,2025-07-26 16:51:00
4927471,BMW_M5,BMW,III (E39),1998,2003,2025-07-26 16:51:00
4993318,ALFA_ROMEO_146,ALFA_ROMEO,,1995,2001,2025-07-26 16:51:00
4993331,ASIA_ROCSTA,ASIA,,1990,1998,2025-07-26 16:51:00
4993370,BMW_Z3M,BMW,I (E36),1997,2000,2025-07-26 16:51:00
5017453,BMW_X1,BMW,I (E84),2009,2012,2025-07-26 16:51:00
5109847,ACURA_SLX,ACURA,,1995,1999,2025-07-26 16:51:00
5109851,ALFA_ROMEO_145,ALFA_ROMEO,I Рестайлинг,1999,2001,2025-07-26 16:51:00
5109859,ASIA_RETONA,ASIA,,1998,2003,2025-07-26 16:51:00
5109894,AUDI_S3,AUDI,I (8L),1999,2003,2025-07-26 16:51:00
5109898,AUDI_CABRIOLET,AUDI,,1991,2000,2025-07-26 16:51:00
5139648,ACURA_EL,ACURA,I,1997,2000,2025-07-26 16:51:00
5139651,ACURA_CL,ACURA,I,1996,1999,2025-07-26 16:51:00
5139656,ALFA_ROMEO_164,ALFA_ROMEO,I Рестайлинг,1992,1998,2025-07-26 16:51:00
5139694,AUDI_S4,AUDI,I (B5),1997,2001,2025-07-26 16:51:00
5139700,BENTLEY_BROOKLANDS,BENTLEY,I,1992,1998,2025-07-26 16:51:00
5139704,BMW_M3,BMW,II (E36),1992,1999,2025-07-26 16:51:00
5139736,BMW_8ER,BMW,I (E31),1989,1999,2025-07-26 16:51:00
5139741,BMW_Z3,BMW,I,1995,2000,2025-07-26 16:51:00
6015736,ALFA_ROMEO_145,ALFA_ROMEO,I,1994,1999,2025-07-26 16:51:00
6015752,ASTON_MARTIN_DB7,ASTON_MARTIN,I,1994,1999,2025-07-26 16:51:00
6015759,AUDI_A8,AUDI,I (D2),1994,1999,2025-07-26 16:51:00
6015770,AUDI_S8,AUDI,I (D2),1996,1999,2025-07-26 16:51:00
6015775,BENTLEY_TURBO_R,BENTLEY,,1985,1999,2025-07-26 16:51:00
6015859,ALPINA_B10,ALPINA,E39,1997,2004,2025-07-26 16:51:00
6015866,ALPINA_B12,ALPINA,E31,1990,1996,2025-07-26 16:51:00
6088519,BMW_5ER,BMW,VI (F10/F11/F07),2009,2013,2025-07-26 16:51:00
6155077,AUDI_A8,AUDI,III (D4),2009,2014,2025-07-26 16:51:00
6248007,AUDI_A1,AUDI,I (8X),2010,2015,2025-07-26 16:51:00
6275089,BMW_X5,BMW,II (E70) Рестайлинг,2010,2013,2025-07-26 16:51:00
6285038,BENTLEY_BROOKLANDS,BENTLEY,II,2007,2011,2025-07-26 16:51:00
6290140,ASTON_MARTIN_RAPIDE,ASTON_MARTIN,I,2010,2013,2025-07-26 16:51:00
6290175,ASTON_MARTIN_V12_VANTAGE,ASTON_MARTIN,I,2009,2017,2025-07-26 16:51:00
6295465,AUDI_A3,AUDI,II (8P) Рестайлинг 1,2004,2008,2025-07-26 16:51:00
6297437,AUDI_A6,AUDI,II (C5) Рестайлинг,2001,2005,2025-07-26 16:51:00
6297781,AUDI_S3,AUDI,II (8P),2006,2008,2025-07-26 16:51:00
6297920,AUDI_A4,AUDI,I (B5) Рестайлинг,1999,2001,2025-07-26 16:51:00
6298148,AUDI_S6,AUDI,I (C4),1994,1997,2025-07-26 16:51:00
6298161,AUDI_S6,AUDI,II (C5),1999,2004,2025-07-26 16:51:00
6298284,AUDI_S8,AUDI,II (D3),2006,2007,2025-07-26 16:51:00
6305860,BENTLEY_MULSANNE,BENTLEY,II,2010,2016,2025-07-26 16:51:00
6323853,BMW_1ER,BMW,I (E81/E82/E87/E88),2004,2007,2025-07-26 16:51:00
6324629,BMW_M3,BMW,III (E46),1999,2006,2025-07-26 16:51:00
6324755,BMW_Z3M,BMW,I Рестайлинг (E36),2001,2002,2025-07-26 16:51:00
6417882,ACURA_RDX,ACURA,I Рестайлинг,2009,2012,2025-07-26 16:51:00
6457121,AUDI_A7,AUDI,I (4G),2010,2014,2025-07-26 16:51:00
6468119,AUDI_Q7,AUDI,I (4L) Рестайлинг,2009,2015,2025-07-26 16:51:00
6509360,BMW_X3,BMW,II (F25),2010,2014,2025-07-26 16:51:00
6525574,ALPINA_B3,ALPINA,E36,1993,1999,2025-07-26 16:51:00
6525604,ALPINA_B3,ALPINA,E46,1999,2006,2025-07-26 16:51:00
6525629,ALPINA_B5,ALPINA,E60/61,2005,2007,2025-07-26 16:51:00
6525634,ALPINA_B7,ALPINA,E65/66,2004,2008,2025-07-26 16:51:00
6525641,ALPINA_B8,ALPINA,E36,1995,1998,2025-07-26 16:51:00
6525671,ALPINA_D10,ALPINA,E39,1999,2003,2025-07-26 16:51:00
6525739,ALPINA_D3,ALPINA,E90/E92,2005,2013,2025-07-26 16:51:00
6525751,ALPINA_ROADSTER,ALPINA,Z8,2002,2003,2025-07-26 16:51:00
6846663,AUDI_TT,AUDI,II (8J) Рестайлинг,2010,2014,2025-07-26 16:51:00
6937659,AUDI_A6,AUDI,IV (C7),2011,2014,2025-07-26 16:51:00
6989794,AUDI_TT_RS,AUDI,II (8J),2009,2014,2025-07-26 16:51:00
7009207,BMW_1M,BMW,I (E82),2010,2012,2025-07-26 16:51:00
7145509,BMW_6ER,BMW,III (F06/F13/F12),2011,2015,2025-07-26 16:51:00
7151493,BMW_1ER,BMW,I (E82/E88) Рестайлинг 2,2011,2014,2025-07-26 16:51:00
7322931,BENTLEY_CONTINENTAL_GT,BENTLEY,II,2011,2015,2025-07-26 16:51:00
7328051,ALPINA_B5,ALPINA,F10/F11,2010,2013,2025-07-26 16:51:00
7328087,ACURA_MDX,ACURA,II Рестайлинг,2010,2013,2025-07-26 16:51:00
7341708,AUDI_Q3,AUDI,I (8U),2011,2014,2025-07-26 16:51:00
7690949,BMW_3ER,BMW,IV (E46) Рестайлинг,2001,2007,2025-07-26 16:51:00
7707451,BMW_1ER,BMW,II (F20/F21),2011,2015,2025-07-26 16:51:00
7721546,AUDI_A5,AUDI,I (8T) Рестайлинг,2011,2016,2025-07-26 16:51:00
7742573,BMW_M5,BMW,V (F10),2011,2013,2025-07-26 16:51:00
7744658,BMW_3ER,BMW,VI (F3x),2011,2016,2025-07-26 16:51:00
7754683,AUDI_A4,AUDI,IV (B8) Рестайлинг,2011,2015,2025-07-26 16:51:00
7754718,AUDI_S4,AUDI,IV (B8) Рестайлинг,2011,2015,2025-07-26 16:51:00
7754720,AUDI_A4_ALLROAD,AUDI,IV (B8) Рестайлинг,2011,2016,2025-07-26 16:51:00
7756682,ASTON_MARTIN_VIRAGE,ASTON_MARTIN,II,2011,2012,2025-07-26 16:51:00
7770118,ALFA_ROMEO_156,ALFA_ROMEO,I Рестайлинг 1,2002,2003,2025-07-26 16:51:00
7804040,BMW_7ER,BMW,III (E38) Рестайлинг,1998,2001,2025-07-26 16:51:00
7878108,AUDI_80,AUDI,V (B4),1991,1996,2025-07-26 16:51:00
7878166,AUDI_RS2,AUDI,I (B4),1993,1995,2025-07-26 16:51:00
7879464,AUDI_100,AUDI,IV (C4),1990,1994,2025-07-26 16:51:00
7892647,AUDI_100,AUDI,III (C3),1982,1988,2025-07-26 16:51:00
7892649,AUDI_80,AUDI,IV (B3),1986,1992,2025-07-26 16:51:00
7893785,AUDI_100,AUDI,III (C3) Рестайлинг,1988,1991,2025-07-26 16:51:00
7896111,AUDI_80,AUDI,III (B2),1978,1986,2025-07-26 16:51:00
7899764,BMW_M6,BMW,III (F06/F13/F12),2012,2018,2025-07-26 16:51:00
7929447,AUDI_RS5,AUDI,I (8T) Рестайлинг,2011,2015,2025-07-26 16:51:00
7951002,AUDI_ALLROAD,AUDI,III (C7),2012,2014,2025-07-26 16:51:00
7970567,AUDI_S5,AUDI,I (8T) Рестайлинг,2011,2016,2025-07-26 16:51:00
7979586,AUDI_A3,AUDI,III (8V),2012,2016,2025-07-26 16:51:00
7981315,AUDI_S6,AUDI,IV (C7),2012,2014,2025-07-26 16:51:00
7981673,AUDI_S7,AUDI,I (4G),2012,2014,2025-07-26 16:51:00
7981757,AUDI_RS4,AUDI,III (B8),2012,2015,2025-07-26 16:51:00
7982145,AUDI_S8,AUDI,III (D4),2012,2013,2025-07-26 16:51:00
7982287,ALPINA_B6,ALPINA,F12/F13,2011,2015,2025-07-26 16:51:00
8220632,AUDI_RS3,AUDI,I (8P),2011,2012,2025-07-26 16:51:00
8220890,AUDI_TTS,AUDI,II (8J),2007,2010,2025-07-26 16:51:00
8220891,AUDI_TTS,AUDI,II (8J) Рестайлинг,2010,2014,2025-07-26 16:51:00
8246645,BMW_X1,BMW,I (E84) Рестайлинг,2012,2015,2025-07-26 16:51:00
8277751,BMW_7ER,BMW,V (F01/F02/F04) Рестайлинг,2012,2015,2025-07-26 16:51:00
8351293,AUDI_Q5,AUDI,I (8R) Рестайлинг,2012,2017,2025-07-26 16:51:00
8424361,ASTON_MARTIN_DB9,ASTON_MARTIN,I Рестайлинг,2008,2013,2025-07-26 16:51:00
8426021,ASTON_MARTIN_V8,ASTON_MARTIN,III Рестайлинг,2008,2017,2025-07-26 16:51:00
8427417,ASTON_MARTIN_ONE_77,ASTON_MARTIN,,2009,2012,2025-07-26 16:51:00
8427426,ASTON_MARTIN_V12_ZAGATO,ASTON_MARTIN,,2011,2012,2025-07-26 16:51:00
8427437,ASTON_MARTIN_CYGNET,ASTON_MARTIN,,2011,2013,2025-07-26 16:51:00
8427449,ASTON_MARTIN_V12,ASTON_MARTIN,II,2012,2018,2025-07-26 16:51:00
8465939,AUDI_R8,AUDI,I (Typ 42) Рестайлинг,2012,2015,2025-07-26 16:51:00
8484175,ALFA_ROMEO_GIULIETTA,ALFA_ROMEO,III,2010,2016,2025-07-26 16:51:00
8494705,BMW_X6,BMW,I (E71) Рестайлинг,2012,2014,2025-07-26 16:51:00
8515409,ASTON_MARTIN_DB9,ASTON_MARTIN,I Рестайлинг 2,2012,2016,2025-07-26 16:51:00
8537983,AUDI_RS6,AUDI,III (C7),2012,2014,2025-07-26 16:51:00
8542086,AUDI_S3,AUDI,III (8V),2013,2016,2025-07-26 16:51:00
8550796,AUDI_90,AUDI,II (B3),1987,1991,2025-07-26 16:51:00
8551292,AUDI_200,AUDI,II (C3),1983,1988,2025-07-26 16:51:00
8553522,ACURA_ZDX,ACURA,,2009,2013,2025-07-26 16:51:00
9236976,ASTON_MARTIN_RAPIDE,ASTON_MARTIN,I (S),2013,2020,2025-07-26 16:51:00
9340511,ACURA_EL,ACURA,II,2000,2005,2025-07-26 16:51:00
9340513,ACURA_INTEGRA,ACURA,I,1986,1990,2025-07-26 16:51:00
9340514,ACURA_INTEGRA,ACURA,II,1989,1993,2025-07-26 16:51:00
9340539,ACURA_NSX,ACURA,I Рестайлинг,2002,2005,2025-07-26 16:51:00
9344091,ACURA_RL,ACURA,II Рестайлинг,2008,2012,2025-07-26 16:51:00
9344110,ACURA_TL,ACURA,I,1995,1998,2025-07-26 16:51:00
9344111,ACURA_TL,ACURA,III Рестайлинг,2006,2008,2025-07-26 16:51:00
9344117,ACURA_TL,ACURA,IV Рестайлинг,2011,2014,2025-07-26 16:51:00
9346976,AUDI_80,AUDI,II (B1),1972,1978,2025-07-26 16:51:00
9346989,AUDI_90,AUDI,I (B2),1984,1987,2025-07-26 16:51:00
9346990,AUDI_90,AUDI,III (B4),1992,1995,2025-07-26 16:51:00
9347459,AUDI_100,AUDI,I (C1),1968,1976,2025-07-26 16:51:00
9347460,AUDI_100,AUDI,II (C2),1976,1983,2025-07-26 16:51:00
9347496,AUDI_200,AUDI,I (C2),1979,1982,2025-07-26 16:51:00
9359468,ALFA_ROMEO_164,ALFA_ROMEO,I,1987,1992,2025-07-26 16:51:00
9359500,ALPINA_B12,ALPINA,E32,1988,1994,2025-07-26 16:51:00
9359502,ALPINA_B12,ALPINA,E38,1995,2001,2025-07-26 16:51:00
9360603,BMW_Z4,BMW,II (E89) Рестайлинг,2013,2017,2025-07-26 16:51:00
9376740,BENTLEY_FLYING_SPUR,BENTLEY,II,2013,2019,2025-07-26 16:51:00